0.04,4.8753e-05,0.0029306,19.435,1.3134,0.065303,0,197.18,76.352,0.971,1.566,1463,1967.8,0.789,0.306,1.3502e+05,97946,0.0039128,1.2192,3.2178,5.2147,7.2091,9.2001,11.187,13.169,15.146,17.116,0.0039427,1.1863,3.1849,5.1815,7.1753,9.1655,11.151,13.132,15.106,17.073,-2.4909,-2.4711,-2.3994,-2.2886,-2.1389,-1.9503,-1.7229,-1.4569,-1.1522,-0.80912,2.5099,2.5298,2.6045,2.7203,2.877,3.0745,3.3128,3.5918,3.9112,4.2711,1,0,0,0,31.841,0,0,0,5.8534,0,0,0
0.08,0.0036621,0.076865,19.421,1.3146,0.066951,0.062396,197.37,77.104,0.971,1.566,1463,1967.8,0.789,0.306,1.3528e+05,96622,0.0038962,0.43929,2.438,4.4351,6.4296,8.4209,10.408,12.391,14.368,16.338,0.0039598,0.41215,2.4108,4.4075,6.4015,8.3919,10.378,12.359,14.333,16.301,-2.4803,-2.4737,-2.4043,-2.2958,-2.1484,-1.962,-1.7369,-1.4731,-1.1707,-0.82979,2.5208,2.5272,2.5996,2.7131,2.8676,3.0629,3.2989,3.5756,3.8928,4.2505,1,0,0,0,31.071,0,0,0,5.8155,0,0,0
0.12,0.0043649,0.15526,19.406,1.3194,0.06316,0.05546,197.56,77.857,0.971,1.566,1463,1967.8,0.789,0.306,1.3114e+05,94800,0.0038778,1.6502,3.6477,5.6429,7.6351,9.6234,11.607,13.585,15.558,17.523,0.0039786,1.6467,3.644,5.6387,7.63,9.617,11.599,13.575,15.545,17.506,-2.4686,-2.4192,-2.3202,-2.1822,-2.0053,-1.7895,-1.5351,-1.2421,-0.91049,-0.5405,2.5328,2.5846,2.6886,2.8336,3.0195,3.2462,3.5135,3.8214,4.1697,4.5584,1,0,0,0,30.322,0,0,0,5.6629,0,0,0
0.16,0.0027321,0.20919,19.394,1.3268,0.054177,0.064955,197.75,78.61,0.971,1.566,1463,1967.8,0.789,0.306,1.3346e+05,95753,0.0038507,0.85676,2.8549,4.8511,6.8444,8.8343,10.82,12.8,14.775,16.743,0.0040054,0.88965,2.8876,4.8833,6.8759,8.8646,10.849,12.827,14.799,16.763,-2.4514,-2.432,-2.3475,-2.2239,-2.0615,-1.8602,-1.6202,-1.3416,-1.0244,-0.66871,2.5498,2.5713,2.6608,2.7914,2.9628,3.175,3.4279,3.7214,4.0553,4.4297,1,0,0,0,29.586,0,0,0,5.4379,0,0,0
0.2,0.00061727,0.25561,19.38,1.3362,0.04349,0.064955,197.93,79.363,0.971,1.566,1463,1967.8,0.789,0.306,1.3403e+05,96763,0.00383,0.058805,2.0577,4.0549,6.0497,8.0413,10.029,12.012,13.989,15.961,0.0040256,0.13843,2.1371,4.134,6.1281,8.1187,10.105,12.086,14.061,16.029,-2.4382,-2.4375,-2.3716,-2.2667,-2.1228,-1.9401,-1.7187,-1.4585,-1.1598,-0.82247,2.5627,2.5647,2.6356,2.7475,2.9003,3.094,3.3283,3.6034,3.9189,4.2749,1,0,0,0,28.861,0,0,0,5.1595,0,0,0
0.24,-0.0028194,0.27474,19.367,1.3468,0.035949,0.056482,198.11,80.118,0.971,1.566,1463,1967.8,0.789,0.306,1.3577e+05,98035,0.0037936,1.2577,3.256,5.2522,7.2456,9.2355,11.221,13.202,15.177,17.145,0.0040589,1.3905,3.3884,5.384,7.3765,9.3651,11.349,13.327,15.299,17.263,-2.415,-2.387,-2.3033,-2.1807,-2.0192,-1.8189,-1.5798,-1.3021,-0.98582,-0.63102,2.5839,2.6184,2.709,2.8407,3.0131,3.2264,3.4803,3.7748,4.1099,4.4854,1,0,0,0,28.139,0,0,0,4.8535,0,0,0
0.28,-0.0065555,0.27187,19.356,1.3578,0.031583,0.044469,198.28,80.873,0.971,1.566,1463,1967.8,0.789,0.306,1.3736e+05,98796,0.0037632,0.45731,2.4563,4.4538,6.4488,8.4408,10.429,12.413,14.391,16.363,0.00409,0.64523,2.644,4.641,6.6353,8.6261,10.613,12.594,14.569,16.537,-2.3957,-2.3905,-2.3288,-2.2282,-2.0886,-1.9102,-1.693,-1.4372,-1.1427,-0.80956,2.6037,2.6126,2.6813,2.7909,2.9415,3.1328,3.3648,3.6376,3.9509,4.3047,1,0,0,0,27.417,0,0,0,4.5484,0,0,0
0.32,-0.0097248,0.25557,19.345,1.3684,0.029714,0.035562,198.45,81.629,0.971,1.566,1463,1967.8,0.789,0.306,1.3793e+05,99157,0.0037303,1.6578,3.6562,5.6527,7.6465,9.6368,11.623,13.604,15.58,17.549,0.0041177,1.8988,3.8968,5.8926,7.8853,9.8741,11.858,13.837,15.809,17.774,-2.3747,-2.3413,-2.2618,-2.1434,-1.9862,-1.7902,-1.5554,-1.2819,-0.96977,-0.61912,2.6213,2.6663,2.7547,2.8841,3.0543,3.2652,3.5169,3.8092,4.1421,4.5154,1,0,0,0,26.69,0,0,0,4.2657,0,0,0
0.36,-0.011946,0.23279,19.335,1.3782,0.0305,0.030746,198.61,82.386,0.971,1.566,1463,1967.8,0.789,0.306,1.3698e+05,98955,0.0036925,0.86162,2.8607,4.8582,6.8534,8.8456,10.834,12.818,14.796,16.768,0.0041584,1.1517,3.1504,5.1474,7.1417,9.1324,11.119,13.1,15.075,17.044,-2.3507,-2.3417,-2.2818,-2.183,-2.0452,-1.8687,-1.6533,-1.3992,-1.1064,-0.77508,2.6472,2.6632,2.7321,2.8419,2.9926,3.1841,3.4164,3.6893,4.0029,4.3569,1,0,0,0,25.957,0,0,0,4.0159,0,0,0
0.4,-0.013226,0.2085,19.325,1.387,0.033471,0.030746,198.76,83.144,0.971,1.566,1463,1967.8,0.789,0.306,1.3615e+05,98225,0.0036642,0.068114,2.0676,4.0659,6.0623,8.0559,10.046,12.032,14.013,15.988,0.0041905,0.40229,2.4016,4.3994,6.395,8.3873,10.376,12.359,14.337,16.309,-2.3327,-2.3325,-2.2903,-2.209,-2.0889,-1.9299,-1.7321,-1.4954,-1.2201,-0.90612,2.6676,2.6697,2.721,2.8132,2.9463,3.1202,3.335,3.5905,3.8866,4.2233,1,0,0,0,25.219,0,0,0,3.8,0,0,0
0.44,-0.013582,0.18772,19.316,1.3949,0.037603,0.029602,198.91,83.902,0.971,1.566,1463,1967.8,0.789,0.306,1.3546e+05,97740,0.0036236,1.2769,3.2758,5.2731,7.2679,9.2596,11.247,13.23,15.208,17.179,0.0042247,1.6506,3.6491,5.6456,7.6393,9.6293,11.615,13.595,15.569,17.536,-2.3068,-2.2899,-2.2245,-2.1202,-1.977,-1.7949,-1.574,-1.3143,-1.016,-0.67912,2.6894,2.7186,2.795,2.9123,3.0705,3.2695,3.5093,3.7898,4.1109,4.4724,1,0,0,0,24.476,0,0,0,3.6135,0,0,0
0.48,-0.013043,0.17546,19.307,1.4021,0.041971,0.033098,199.05,84.661,0.971,1.566,1463,1967.8,0.789,0.306,1.3485e+05,97568,0.003591,0.48812,2.4874,4.4854,6.4812,8.4741,10.463,12.448,14.428,16.402,0.0042621,0.89802,2.897,4.8943,6.8891,8.8806,10.868,12.85,14.826,16.796,-2.2861,-2.2832,-2.2322,-2.1423,-2.0135,-1.8459,-1.6394,-1.3941,-1.11,-0.7874,2.7132,2.7226,2.7846,2.8874,3.0312,3.2158,3.4412,3.7074,4.0142,4.3614,1,0,0,0,23.729,0,0,0,3.4493,0,0,0
0.52,-0.012006,0.17124,19.298,1.409,0.045936,0.038439,199.19,85.421,0.971,1.566,1463,1967.8,0.789,0.306,1.3441e+05,97526,0.0035594,1.7001,3.6986,5.6953,7.6893,9.68,11.666,13.648,15.624,17.594,0.0042897,0.14487,2.1442,4.1422,6.138,8.1306,10.119,12.103,14.082,16.054,-2.2659,-2.2344,-2.1582,-2.0432,-1.8893,-1.6965,-1.4648,-1.1944,-0.88541,-0.53794,2.7308,2.7313,2.7795,2.8686,2.9986,3.1695,3.3812,3.6337,3.9269,4.2606,1,0,0,0,22.98,0,0,0,3.2978,0,0,0
0.56,-0.010828,0.17397,19.289,1.4159,0.049147,0.043712,199.32,86.182,0.971,1.566,1463,1967.8,0.789,0.306,1.3419e+05,97552,0.0035231,0.91313,2.9121,4.9095,6.9046,8.8965,10.885,12.868,14.846,16.818,0.004327,1.3918,3.3903,5.3869,7.3807,9.3708,11.356,13.337,15.311,17.278,-2.2428,-2.2322,-2.1698,-2.0685,-1.9282,-1.7491,-1.5312,-1.2744,-0.97898,-0.64506,2.7546,2.7785,2.8539,2.9701,3.1273,3.3254,3.5642,3.8438,4.1639,4.5244,1,0,0,0,22.231,0,0,0,3.1506,0,0,0
0.6,-0.0097104,0.1825,19.28,1.423,0.051527,0.043712,199.44,86.943,0.971,1.566,1463,1967.8,0.789,0.306,1.3409e+05,97528,0.003497,0.12595,2.1253,4.1234,6.1194,8.1126,10.102,12.087,14.067,16.042,0.0043591,0.64032,2.6393,4.6367,6.6316,8.6231,10.61,12.593,14.569,16.539,-2.2262,-2.2256,-2.1775,-2.0904,-1.9644,-1.7995,-1.5957,-1.3531,-1.0718,-0.75199,2.775,2.7814,2.8425,2.9446,3.0875,3.2714,3.4961,3.7615,4.0676,4.414,1,0,0,0,21.482,0,0,0,3.0018,0,0,0
0.64,-0.0087952,0.19522,19.272,1.4306,0.053142,0.048027,199.56,87.705,0.971,1.566,1463,1967.8,0.789,0.306,1.3397e+05,97606,0.0034606,1.3379,3.3366,5.3335,7.3279,9.3189,11.306,13.288,15.265,17.235,0.004385,1.8899,3.8879,5.8838,7.8766,9.8656,11.85,13.828,15.801,17.766,-2.203,-2.181,-2.109,-1.9981,-1.8482,-1.6595,-1.4319,-1.1655,-0.86062,-0.51724,2.7915,2.8349,2.9219,3.0497,3.2185,3.4282,3.6787,3.9698,4.3014,4.6732,2,0,0,0,20.733,0,0,0,2.8487,0,0,0
0.68,-0.0082584,0.20876,19.263,1.4387,0.054022,0.051218,199.67,88.468,0.971,1.566,1463,1967.8,0.789,0.306,1.3393e+05,97741,0.0034307,0.54977,2.549,4.5467,6.5422,8.5347,10.523,12.508,14.487,16.46,0.0044216,1.1421,3.1409,5.1377,7.1318,9.1224,11.109,13.09,15.064,17.032,-2.184,-2.1794,-2.1235,-2.0287,-1.8949,-1.7222,-1.5106,-1.2603,-0.97133,-0.64386,2.8148,2.8318,2.9027,3.0144,3.1672,3.3608,3.5953,3.8704,4.1861,4.5421,2,0,0,0,19.985,0,0,0,2.6902,0,0,0
0.72,-0.0081075,0.22175,19.255,1.4473,0.054207,0.053245,199.78,89.231,0.971,1.566,1463,1967.8,0.789,0.306,1.3394e+05,97879,0.0034037,1.7604,3.7589,5.7554,7.7493,9.7398,11.726,13.708,15.683,17.653,0.0044483,0.39629,2.3955,4.3933,6.3886,8.3808,10.369,12.352,14.33,16.301,-2.1668,-2.1328,-2.0552,-1.9386,-1.7831,-1.5886,-1.3553,-1.0834,-0.77287,-0.42395,2.8318,2.8343,2.8879,2.9825,3.1181,3.2946,3.512,3.7701,4.0687,4.4078,2,0,0,0,19.237,0,0,0,2.527,0,0,0
0.76,-0.0082969,0.23327,19.248,1.4564,0.053774,0.054074,199.87,89.995,0.971,1.566,1463,1967.8,0.789,0.306,1.34e+05,97999,0.0033707,0.97108,2.9702,4.9677,6.963,8.9551,10.943,12.927,14.906,16.878,0.0044762,1.6519,3.6504,5.6469,7.6406,9.6306,11.616,13.596,15.57,17.537,-2.1458,-2.1359,-2.0764,-1.978,-1.8406,-1.6643,-1.4491,-1.1952,-0.90266,-0.57168,2.8495,2.8788,2.9552,3.0726,3.231,3.4303,3.6703,3.9509,4.2721,4.6336,2,0,0,0,18.489,0,0,0,2.3608,0,0,0
0.8,-0.0087497,0.24272,19.24,1.4659,0.052853,0.054074,199.96,90.759,0.971,1.566,1463,1967.8,0.789,0.306,1.3405e+05,98108,0.0033486,0.18119,2.1807,4.1791,6.1756,8.1694,10.16,12.146,14.127,16.102,0.0045064,0.90976,2.9089,4.9064,6.9015,8.8934,10.881,12.864,14.841,16.811,-2.1317,-2.1316,-2.0912,-2.0118,-1.8933,-1.736,-1.5397,-1.3047,-1.0311,-0.7189,2.8688,2.8762,2.9337,3.0321,3.1715,3.3518,3.5729,3.8347,4.137,4.4797,2,0,0,0,17.741,0,0,0,2.1939,0,0,0
0.84,-0.009413,0.2493,19.233,1.4758,0.051624,0.053865,200.05,91.524,0.971,1.566,1463,1967.8,0.789,0.306,1.3408e+05,98219,0.0033188,1.3909,3.3899,5.3875,7.3827,9.3748,11.363,13.347,15.325,17.298,0.0045264,0.16888,2.1685,4.1669,6.1633,8.1568,10.147,12.132,14.112,16.085,-2.1127,-2.0983,-2.0386,-1.9399,-1.8021,-1.6254,-1.41,-1.1559,-0.86314,-0.53194,2.8815,2.8812,2.9189,2.9977,3.1175,3.2782,3.4797,3.722,4.0048,4.3281,2,0,0,0,16.993,0,0,0,2.0291,0,0,0
0.88,-0.010198,0.25282,19.226,1.4858,0.050256,0.052859,200.13,92.29,0.971,1.566,1463,1967.8,0.789,0.306,1.3411e+05,98326,0.0032948,0.60081,2.6004,4.5988,6.5953,8.5891,10.58,12.566,14.547,16.523,0.0045543,1.4289,3.428,5.4254,7.4205,9.4122,11.4,13.382,15.359,17.329,-2.0975,-2.0973,-2.0576,-1.979,-1.8613,-1.7046,-1.5092,-1.275,-1.0022,-0.69078,2.8993,2.9118,2.9705,3.0702,3.2109,3.3924,3.6147,3.8776,4.1811,4.525,2,0,0,0,16.243,0,0,0,1.8689,0,0,0
0.92,-0.011005,0.25361,19.22,1.496,0.048919,0.05134,200.19,93.055,0.971,1.566,1463,1967.8,0.789,0.306,1.3412e+05,98421,0.0032764,1.8108,3.8099,5.8075,7.8028,9.7951,11.784,13.767,15.746,17.719,0.0045769,0.68974,2.6893,4.6877,6.6841,8.6775,10.667,12.652,14.632,16.606,-2.0858,-2.0683,-2.0098,-1.9124,-1.776,-1.6007,-1.3867,-1.1339,-0.8426,-0.51277,2.9137,2.9128,2.9512,3.0306,3.1511,3.3124,3.5145,3.7574,4.0408,4.3647,2,0,0,0,15.493,0,0,0,1.7153,0,0,0
0.96,-0.011746,0.25212,19.214,1.5061,0.047792,0.049646,200.26,93.822,0.971,1.566,1463,1967.8,0.789,0.306,1.3409e+05,98510,0.0032513,1.0214,3.021,5.0195,7.016,9.01,11.001,12.987,14.968,16.944,0.0045905,1.9508,3.9498,5.9473,7.9423,9.9339,11.921,13.904,15.881,17.851,-2.0698,-2.0702,-2.032,-1.9548,-1.8386,-1.6835,-1.4895,-1.2569,-0.9856,-0.67575,2.9223,2.94,2.9992,3.0995,3.2406,3.4226,3.6454,3.9087,4.2127,4.557,2,0,0,0,14.741,0,0,0,1.5704,0,0,0
1,-0.012373,0.24863,19.209,1.5161,0.04706,0.049646,200.31,94.588,0.971,1.566,1463,1967.8,0.789,0.306,1.3403e+05,98597,0.0032378,0.23246,2.2323,4.2315,6.2291,8.2245,10.217,12.206,14.19,16.168,0.0046154,1.212,3.2116,5.2099,7.2062,9.1996,11.189,13.174,15.154,17.127,-2.0612,-2.0636,-2.0454,-1.9881,-1.8919,-1.7568,-1.5828,-1.37,-1.1186,-0.82853,2.9382,2.9371,2.9763,3.0565,3.1777,3.3398,3.5426,3.7861,4.0702,4.3949,2,0,0,0,13.988,0,0,0,1.4352,0,0,0
1.04,-0.012853,0.24358,19.204,1.526,0.046676,0.048182,200.36,95.355,0.971,1.566,1463,1967.8,0.789,0.306,1.3399e+05,98668,0.0032187,1.4442,3.4438,5.4423,7.4389,9.4329,11.424,13.41,15.392,17.367,0.0046295,0.47297,2.4728,4.4719,6.4693,8.4642,10.456,12.443,14.425,16.402,-2.049,-2.0501,-2.0126,-1.936,-1.8205,-1.6661,-1.473,-1.241,-0.97046,-0.66129,2.9472,2.9421,2.9617,3.0222,3.1238,3.2662,3.4494,3.6734,3.938,4.2433,2,0,0,0,13.233,0,0,0,1.3104,0,0,0
1.08,-0.013131,0.23819,19.2,1.5356,0.046531,0.047132,200.4,96.122,0.971,1.566,1463,1967.8,0.789,0.306,1.3393e+05,98714,0.0032043,0.65659,2.6565,4.6556,6.6533,8.6487,10.641,12.63,14.614,16.593,0.0046414,1.7336,3.7331,5.7314,7.7275,9.7208,11.71,13.695,15.674,17.648,-2.0399,-2.0467,-2.0284,-1.9711,-1.8748,-1.7397,-1.5657,-1.3529,-1.1014,-0.81132,2.9547,2.955,2.9963,3.0786,3.2018,3.3658,3.5706,3.8161,4.1023,4.4291,2,0,0,0,12.478,0,0,0,1.196,0,0,0
1.12,-0.013209,0.23308,19.196,1.545,0.046511,0.046629,200.43,96.889,0.971,1.566,1463,1967.8,0.789,0.306,1.3385e+05,98731,0.0031975,1.8696,3.8692,5.8677,7.8643,9.8582,11.849,13.835,15.817,17.792,0.0046576,0.99378,2.9936,4.9926,6.9898,8.9845,10.976,12.963,14.945,16.921,-2.0355,-2.036,-1.9976,-1.9201,-1.8038,-1.6486,-1.4546,-1.2218,-0.95034,-0.64022,2.965,2.9558,2.9783,3.0417,3.1461,3.2914,3.4774,3.7042,3.9717,4.2799,2,0,0,0,11.721,0,0,0,1.0916,0,0,0
1.16,-0.013117,0.22862,19.192,1.5542,0.046493,0.0465,200.46,97.656,0.971,1.566,1463,1967.8,0.789,0.306,1.3377e+05,98773,0.0031822,1.0833,3.0832,5.0823,7.0798,9.0751,11.067,13.056,15.04,17.018,0.0046628,0.25361,2.2536,4.253,6.2511,8.2471,10.24,12.229,14.213,16.192,-2.0258,-2.036,-2.016,-1.957,-1.8591,-1.7223,-1.5467,-1.3323,-1.0791,-0.78723,2.9683,2.9637,2.9677,3.0127,3.0987,3.2255,3.3932,3.6016,3.8508,4.1407,2,0,0,0,10.963,0,0,0,0.99657,0,0,0
1.2,-0.012898,0.22512,19.189,1.5633,0.046369,0.0465,200.48,98.424,0.971,1.566,1463,1967.8,0.789,0.306,1.3383e+05,98835,0.0031784,0.29745,2.2974,4.297,6.2953,8.2918,10.286,12.276,14.262,16.243,0.0046729,1.5131,3.5129,5.5117,7.5087,9.5031,11.494,13.48,15.462,17.437,-2.0234,-2.0289,-2.027,-1.9861,-1.9063,-1.7876,-1.6301,-1.4337,-1.1985,-0.92457,2.9748,2.9641,2.991,3.0588,3.1675,3.3171,3.5076,3.7388,4.0107,4.3233,2,0,0,0,10.204,0,0,0,0.91017,0,0,0
1.24,-0.011654,0.2426,19.184,1.5727,0.044074,0.06272,200.49,99.191,0.971,1.566,1463,1967.8,0.789,0.306,1.3373e+05,98477,0.0031723,1.5112,3.5111,5.5101,7.5076,9.5027,11.495,13.483,15.467,17.445,0.0046789,0.77358,2.7735,4.7729,6.7708,8.7665,10.759,12.748,14.732,16.71,-2.0195,-2.0321,-2.0099,-1.9488,-1.8487,-1.7098,-1.532,-1.3153,-1.0599,-0.76582,2.9786,2.966,2.9742,3.0233,3.1134,3.2444,3.4162,3.6289,3.8823,4.1764,2,0,0,0,9.4451,0,0,0,0.82704,0,0,0
1.28,-0.010841,0.26613,19.177,1.5828,0.040119,0.072154,200.49,99.958,0.971,1.566,1463,1967.8,0.789,0.306,1.3382e+05,98098,0.0031706,0.7237,2.7237,4.7232,6.7216,8.718,10.712,12.702,14.688,16.669,0.0046718,0.03672,2.0366,4.0364,6.0351,8.032,10.026,12.017,14.003,15.984,-2.0184,-2.0317,-2.0298,-1.9889,-1.909,-1.7902,-1.6326,-1.4361,-1.2008,-0.92671,2.9741,2.9733,2.9612,2.9902,3.0601,3.1708,3.3225,3.515,3.7484,4.0224,2,0,0,0,8.6861,0,0,0,0.74253,0,0,0
1.32,-0.011178,0.28243,19.172,1.5939,0.036254,0.06321,200.49,100.73,0.971,1.566,1463,1967.8,0.789,0.306,1.34e+05,98334,0.0031802,1.9345,3.9343,5.9335,7.9311,9.9265,11.919,13.907,15.891,17.87,0.004675,1.3026,3.3026,5.302,7.3,9.2957,11.288,13.277,15.261,17.24,-2.0245,-2.0439,-2.025,-1.9672,-1.8705,-1.7349,-1.5603,-1.3469,-1.0948,-0.80394,2.9761,2.954,2.9609,3.0087,3.0975,3.2271,3.3977,3.6091,3.8613,4.1541,2,0,0,0,7.9272,0,0,0,0.65754,0,0,0
1.36,-0.01215,0.28799,19.169,1.6053,0.034219,0.060301,200.48,101.49,0.971,1.566,1463,1967.8,0.789,0.306,1.3377e+05,99085,0.0031798,1.1445,3.1445,5.1442,7.1428,9.1396,11.134,13.125,15.111,17.093,0.0046685,0.56992,2.5698,4.5696,6.5685,8.5656,10.56,12.551,14.538,16.52,-2.0242,-2.0487,-2.0527,-2.0177,-1.9438,-1.831,-1.6792,-1.4885,-1.259,-0.99082,2.9719,2.9559,2.9399,2.9649,3.0308,3.1377,3.2855,3.4742,3.7037,3.9738,2,0,0,0,7.1677,0,0,0,0.5791,0,0,0
1.4,-0.013146,0.28838,19.165,1.6168,0.032181,0.060301,200.45,102.26,0.971,1.566,1463,1967.8,0.789,0.306,1.3366e+05,99384,0.0031918,0.35458,2.3544,4.3543,6.3536,8.3516,10.347,12.34,14.33,16.314,0.0046561,1.8373,3.8373,5.8368,7.835,9.8311,11.824,13.813,15.798,17.777,-2.0319,-2.0435,-2.0705,-2.0585,-2.0077,-1.9178,-1.7891,-1.6213,-1.4147,-1.1694,2.9641,2.9283,2.9303,2.9732,3.057,3.1818,3.3475,3.5541,3.8015,4.0894,2,0,0,0,6.4076,0,0,0,0.50978,0,0,0
1.44,-0.014366,0.27886,19.163,1.6282,0.030674,0.052811,200.42,103.02,0.971,1.566,1463,1967.8,0.789,0.306,1.3367e+05,99395,0.0032029,1.5646,3.5645,5.5643,7.5631,9.5602,11.555,13.546,15.534,17.517,0.0046506,1.1043,3.1042,5.1041,7.1031,9.1004,11.095,13.087,15.074,17.056,-2.039,-2.0778,-2.0885,-2.0603,-1.9931,-1.887,-1.7419,-1.5579,-1.3351,-1.0736,2.9606,2.9267,2.9059,2.9261,2.9873,3.0894,3.2325,3.4166,3.6414,3.9068,2,0,0,0,5.6469,0,0,0,0.45151,0,0,0
1.48,-0.015403,0.2636,19.162,1.6391,0.029546,0.045469,200.39,103.79,0.971,1.566,1463,1967.8,0.789,0.306,1.3355e+05,99183,0.0032156,0.77574,2.7754,4.7754,6.7748,8.773,10.769,12.763,14.752,16.738,0.0046338,0.37011,2.3696,4.3696,6.3692,8.3675,10.364,12.357,14.347,16.332,-2.047,-2.0746,-2.1072,-2.1007,-2.0553,-1.9709,-1.8475,-1.6852,-1.484,-1.2441,2.9499,2.9346,2.8922,2.8906,2.93,3.0104,3.1318,3.2942,3.4973,3.7412,2,0,0,0,4.8854,0,0,0,0.40546,0,0,0
1.52,-0.016171,0.24271,19.163,1.6492,0.029121,0.036248,200.34,104.56,0.971,1.566,1463,1967.8,0.789,0.306,1.3346e+05,99179,0.0032398,1.9877,3.9876,5.9874,7.9864,9.9837,11.979,13.97,15.958,17.941,0.0046178,1.6329,3.6328,5.6326,7.6317,9.6291,11.624,13.616,15.603,17.585,-2.0625,-2.115,-2.1289,-2.1039,-2.0398,-1.9368,-1.7947,-1.6138,-1.3942,-1.1358,2.9397,2.8885,2.8666,2.8856,2.9456,3.0467,3.1887,3.3716,3.5953,3.8596,2,0,0,0,4.1231,0,0,0,0.37178,0,0,0
1.56,-0.016396,0.21883,19.163,1.6584,0.029909,0.032511,200.29,105.32,0.971,1.566,1463,1967.8,0.789,0.306,1.3316e+05,99288,0.0032518,1.2019,3.2016,5.2015,7.201,9.1992,11.195,13.189,15.178,17.164,0.0046028,0.89339,2.8929,4.8929,6.8924,8.8907,10.887,12.88,14.869,16.854,-2.0701,-2.1129,-2.1453,-2.1388,-2.0932,-2.0086,-1.885,-1.7225,-1.5212,-1.2812,2.9301,2.894,2.8535,2.8541,2.8957,2.9782,3.1018,3.2663,3.4716,3.7176,2,0,0,0,3.3602,0,0,0,0.35019,0,0,0
1.6,-0.015984,0.196,19.165,1.6667,0.031388,0.032511,200.23,106.08,0.971,1.566,1463,1967.8,0.789,0.306,1.3303e+05,99463,0.0032751,0.41803,2.4174,4.4173,6.4171,8.4159,10.413,12.408,14.399,16.386,0.0045768,0.15107,2.1502,4.1501,6.1499,8.1488,10.146,12.14,14.131,16.118,-2.0849,-2.1032,-2.1522,-2.1622,-2.1332,-2.0652,-1.9582,-1.8122,-1.6274,-1.4038,2.9136,2.9064,2.8494,2.8334,2.8584,2.9244,3.0315,3.1794,3.3682,3.5978,2,0,0,0,2.5967,0,0,0,0.33853,0,0,0
1.64,-0.015055,0.17563,19.167,1.6741,0.033338,0.030478,200.17,106.85,0.971,1.566,1463,1967.8,0.789,0.306,1.33e+05,99655,0.0032981,1.6349,3.6347,5.6346,7.6339,9.6317,11.627,13.62,15.609,17.594,0.0045592,1.4049,3.4046,5.4046,7.4039,9.4017,11.397,13.39,15.378,17.362,-2.0996,-2.1517,-2.1766,-2.1625,-2.1093,-2.0171,-1.8859,-1.7159,-1.5071,-1.2596,2.9024,2.852,2.8212,2.8313,2.8825,2.9747,3.1078,3.2819,3.4966,3.7521,2,0,0,0,1.8327,0,0,0,0.33456,0,0,0
1.68,-0.0136,0.16159,19.17,1.6808,0.035302,0.031656,200.1,107.61,0.971,1.566,1463,1967.8,0.789,0.306,1.3294e+05,99795,0.0033191,0.85381,2.8534,4.8534,6.8529,8.8514,10.848,12.842,14.832,16.818,0.0045358,0.65751,2.657,4.6569,6.6565,8.655,10.651,12.645,14.635,16.62,-2.1129,-2.1459,-2.1842,-2.1836,-2.1438,-2.0651,-1.9473,-1.7907,-1.5953,-1.3612,2.8875,2.8596,2.8153,2.8119,2.8496,2.9284,3.0481,3.2087,3.4101,3.6522,1,0,0,0,21.046,0,0,0,0.0060707,0,0,0
1.72,-0.011909,0.15361,19.173,1.6871,0.03699,0.033715,200.02,108.37,0.971,1.566,1463,1967.8,0.789,0.306,1.3291e+05,99887,0.0033504,0.073599,2.0729,4.0728,6.0726,8.0715,10.069,12.063,14.055,16.043,0.0045053,1.9079,3.9078,5.9076,7.9065,9.9036,11.898,13.889,15.876,17.857,-2.1329,-2.136,-2.1869,-2.1989,-2.1717,-2.1055,-2.0003,-1.8562,-1.6733,-1.4516,2.8681,2.8139,2.798,2.8231,2.8893,2.9965,3.1446,3.3335,3.5631,3.8334,1,0,0,0,20.278,0,0,0,-0.11362,0,0,0
1.76,-0.01022,0.15099,19.176,1.6932,0.03822,0.03605,199.94,109.14,0.971,1.566,1463,1967.8,0.789,0.306,1.3291e+05,99914,0.0033698,1.2927,3.2926,5.2925,7.2917,9.2895,11.285,13.278,15.267,17.251,0.0044861,1.1581,3.1579,5.1578,7.157,9.1547,11.15,13.142,15.13,17.114,-2.1452,-2.1859,-2.21,-2.195,-2.1409,-2.0479,-1.9159,-1.7451,-1.5355,-1.2872,2.8558,2.816,2.7879,2.8009,2.855,2.95,3.086,3.2628,3.4804,3.7386,1,0,0,0,19.511,0,0,0,-0.2258,0,0,0
1.8,-0.0086781,0.153,19.179,1.6993,0.038813,0.03605,199.85,109.9,0.971,1.566,1463,1967.8,0.789,0.306,1.3293e+05,99899,0.0033967,0.51243,2.5121,4.512,6.5116,8.5099,10.506,12.5,14.49,16.476,0.0044575,0.40822,2.4078,4.4077,6.4073,8.4055,10.402,12.395,14.384,16.369,-2.1623,-2.1815,-2.2177,-2.2148,-2.1729,-2.092,-1.9722,-1.8135,-1.616,-1.3797,2.8377,2.8213,2.781,2.7819,2.8238,2.9067,3.0306,3.1953,3.4007,3.6469,1,0,0,0,18.742,0,0,0,-0.33469,0,0,0
1.84,-0.0074008,0.15824,19.183,1.7055,0.038939,0.037785,199.76,110.66,0.971,1.566,1463,1967.8,0.789,0.306,1.329e+05,99870,0.0034245,1.7311,3.731,5.7308,7.7296,9.7267,11.721,13.713,15.7,17.683,0.0044312,1.6579,3.6578,5.6576,7.6563,9.6532,11.647,13.638,15.624,17.605,-2.18,-2.2221,-2.2316,-2.2022,-2.1337,-2.0263,-1.88,-1.6948,-1.4709,-1.2083,2.8209,2.7773,2.7658,2.7952,2.8657,2.9771,3.1294,3.3225,3.5563,3.8309,1,0,0,0,17.972,0,0,0,-0.44268,0,0,0
1.88,-0.0064922,0.16438,19.186,1.7119,0.038783,0.038705,199.66,111.42,0.971,1.566,1463,1967.8,0.789,0.306,1.3289e+05,99845,0.0034457,0.94946,2.9493,4.9492,6.9484,8.9461,10.942,12.934,14.923,16.907,0.0044092,0.90851,2.9083,4.9082,6.9074,8.9049,10.9,12.892,14.88,16.862,-2.1935,-2.2226,-2.2451,-2.2285,-2.1729,-2.0784,-1.9449,-1.7726,-1.5615,-1.3117,2.8069,2.7772,2.7527,2.7693,2.8269,2.9255,3.0649,3.2452,3.4662,3.728,1,0,0,0,17.202,0,0,0,-0.55071,0,0,0
1.92,-0.0059405,0.17031,19.191,1.7186,0.03847,0.038898,199.55,112.18,0.971,1.566,1463,1967.8,0.789,0.306,1.3288e+05,99831,0.0034757,0.16713,2.1668,4.1667,6.1663,8.1646,10.161,12.155,14.145,16.131,0.0043786,0.15967,2.1593,4.1592,6.1587,8.1569,10.153,12.146,14.135,16.119,-2.2127,-2.2188,-2.2547,-2.2515,-2.2092,-2.1281,-2.008,-1.849,-1.6512,-1.4147,2.7874,2.7813,2.7434,2.7466,2.7909,2.876,3.0021,3.1691,3.3768,3.6253,1,0,0,0,16.43,0,0,0,-0.65852,0,0,0
1.96,-0.0056879,0.17539,19.195,1.7256,0.03812,0.038638,199.44,112.94,0.971,1.566,1463,1967.8,0.789,0.306,1.3288e+05,99829,0.0034956,1.3835,3.3835,5.3833,7.3821,9.3792,11.374,13.365,15.353,17.336,0.0043588,1.4106,3.4106,5.4103,7.409,9.4058,11.4,13.39,15.377,17.357,-2.2253,-2.2596,-2.2703,-2.2419,-2.1745,-2.0682,-1.923,-1.739,-1.5162,-1.2546,2.7748,2.7385,2.7278,2.7582,2.8296,2.9419,3.095,3.289,3.5237,3.7992,1,0,0,0,15.658,0,0,0,-0.76512,0,0,0
2,-0.0056661,0.17922,19.199,1.7326,0.037872,0.038638,199.32,113.7,0.971,1.566,1463,1967.8,0.789,0.306,1.3286e+05,99839,0.0035193,0.59973,2.5995,4.5995,6.5987,8.5966,10.592,12.585,14.574,16.559,0.0043356,0.66228,2.6621,4.662,6.6611,8.6587,10.654,12.646,14.633,16.616,-2.2404,-2.2594,-2.2842,-2.27,-2.2168,-2.1247,-1.9937,-1.8238,-1.6151,-1.3676,2.7601,2.7384,2.7136,2.7298,2.787,2.8851,3.0241,3.2039,3.4246,3.686,1,1,0,0,14.884,14.884,0,0,-0.86922,-0.86922,0,0
2.04,-0.0058083,0.18165,19.203,1.7399,0.037773,0.038231,199.2,114.46,0.971,1.566,1463,1967.8,0.789,0.306,1.3285e+05,99852,0.0035459,1.8151,3.815,5.8146,7.8131,9.8097,11.804,13.794,15.78,17.762,0.004307,1.9137,3.9137,5.9132,7.9114,9.9075,11.901,13.89,15.875,17.854,-2.2573,-2.2929,-2.2931,-2.2544,-2.1767,-2.06,-1.9045,-1.7102,-1.477,-1.2051,2.7418,2.7044,2.7062,2.7489,2.8326,2.9572,3.1227,3.329,3.5761,3.8639,1,1,0,0,14.109,14.109,0,0,-0.96966,-0.96966,0,0
2.08,-0.0060315,0.1831,19.208,1.7472,0.037792,0.037911,199.07,115.22,0.971,1.566,1463,1967.8,0.789,0.306,1.3284e+05,99864,0.0035631,1.0302,3.0301,5.0299,7.0289,9.0263,11.021,13.013,15.001,16.984,0.0042912,1.1653,3.1652,5.165,7.1638,9.1607,11.155,13.146,15.132,17.113,-2.2682,-2.2959,-2.3107,-2.2865,-2.2234,-2.1214,-1.9804,-1.8006,-1.5819,-1.3244,2.7318,2.7005,2.6877,2.7159,2.785,2.8951,3.046,3.2378,3.4704,3.7437,1,1,0,0,13.334,13.334,0,0,-1.0655,-1.0655,0,0
2.12,-0.0062795,0.18388,19.213,1.7545,0.037892,0.037796,198.94,115.97,0.971,1.566,1463,1967.8,0.789,0.306,1.3282e+05,99870,0.003589,0.24505,2.2448,4.2447,6.2441,8.2422,10.238,12.231,14.221,16.206,0.0042671,0.41685,2.4166,4.4165,6.4158,8.4135,10.409,12.401,14.389,16.372,-2.2848,-2.293,-2.3225,-2.313,-2.2646,-2.1772,-2.0509,-1.8857,-1.6816,-1.4387,2.7164,2.7023,2.6748,2.6883,2.7427,2.8381,2.9744,3.1516,3.3696,3.6284,1,1,0,0,12.557,12.557,0,0,-1.1562,-1.1562,0,0
2.16,-0.0065196,0.18429,19.217,1.7619,0.038029,0.037876,198.8,116.73,0.971,1.566,1463,1967.8,0.789,0.306,1.3281e+05,99835,0.0036071,1.4592,3.4591,5.4588,7.4575,9.4543,11.449,13.44,15.426,17.409,0.0042453,1.6678,3.6678,5.6674,7.6657,9.662,11.655,13.645,15.63,17.609,-2.2963,-2.3285,-2.3337,-2.3,-2.2273,-2.1157,-1.9652,-1.7757,-1.5474,-1.2804,2.7026,2.6674,2.6662,2.7059,2.7866,2.9082,3.0707,3.2741,3.5183,3.8032,1,1,0,0,11.78,11.78,0,0,-1.2412,-1.2412,0,0
2.2,-0.0067336,0.18455,19.222,1.7693,0.038126,0.037876,198.66,117.48,0.971,1.566,1463,1967.8,0.789,0.306,1.3279e+05,99812,0.0036267,0.67335,2.6732,4.6731,6.6722,8.6698,10.665,12.658,14.646,16.63,0.0042284,0.91885,2.9187,4.9186,6.9174,8.9145,10.909,12.9,14.887,16.868,-2.3087,-2.3285,-2.3485,-2.3295,-2.2716,-2.1747,-2.0389,-1.8641,-1.6505,-1.3981,2.6918,2.6657,2.6497,2.6747,2.7406,2.8475,2.9953,3.184,3.4136,3.6839,1,1,0,0,11.002,11.002,0,0,-1.3206,-1.3206,0,0
2.24,-0.0069075,0.1849,19.226,1.7766,0.038141,0.038093,198.51,118.24,0.971,1.566,1463,1967.8,0.789,0.306,1.3278e+05,99815,0.0036516,1.887,3.8869,5.8865,7.8847,9.881,11.875,13.865,15.85,17.831,0.0042029,0.16973,2.1695,4.1694,6.1687,8.1666,10.162,12.154,14.143,16.126,-2.3246,-2.3574,-2.3532,-2.31,-2.2279,-2.1068,-1.9468,-1.7478,-1.5101,-1.2336,2.6756,2.6696,2.6389,2.6491,2.7002,2.7924,2.9254,3.0994,3.3143,3.5699,1,1,0,0,10.223,10.223,0,0,-1.3942,-1.3942,0,0
2.28,-0.0070453,0.18537,19.231,1.784,0.038064,0.0384,198.35,118.99,0.971,1.566,1463,1967.8,0.789,0.306,1.3277e+05,99830,0.003665,1.1005,3.1004,5.1002,7.099,9.0962,11.091,13.082,15.07,17.053,0.0041877,1.42,3.4199,5.4196,7.418,9.4145,11.408,13.398,15.383,17.363,-2.3332,-2.3604,-2.3709,-2.3426,-2.2752,-2.169,-2.0237,-1.8395,-1.6164,-1.3547,2.6659,2.6336,2.629,2.6654,2.7427,2.861,3.0203,3.2204,3.4614,3.7429,1,1,0,0,9.4436,9.4436,0,0,-1.4621,-1.4621,0,0
2.32,-0.007171,0.18565,19.235,1.7915,0.03798,0.038346,198.19,119.74,0.971,1.566,1463,1967.8,0.789,0.306,1.3278e+05,99852,0.0036875,0.31379,2.3136,4.3135,6.3128,8.3107,10.306,12.299,14.288,16.273,0.0041692,0.67034,2.6702,4.6701,6.669,8.6663,10.661,12.652,14.64,16.622,-2.3474,-2.3574,-2.3829,-2.3693,-2.3168,-2.2254,-2.0949,-1.9255,-1.7172,-1.4701,2.6541,2.634,2.6146,2.6361,2.6986,2.8021,2.9465,3.1319,3.3581,3.625,1,1,0,0,8.6633,8.6633,0,0,-1.5243,-1.5243,0,0
2.36,-0.0072819,0.18564,19.24,1.7989,0.03799,0.038189,198.03,120.5,0.971,1.566,1463,1967.8,0.789,0.306,1.3279e+05,99879,0.0037043,1.5265,3.5265,5.5261,7.5246,9.5212,11.515,13.506,15.492,17.474,0.0041449,1.9202,3.9202,5.9196,7.9176,9.9133,11.906,13.895,15.879,17.857,-2.3582,-2.3888,-2.3901,-2.3525,-2.2759,-2.1602,-2.0056,-1.8121,-1.5798,-1.3088,2.6386,2.6058,2.6125,2.6601,2.7488,2.8784,3.049,3.2605,3.5126,3.8053,1,1,0,0,7.8824,7.8824,0,0,-1.5806,-1.5806,0,0
2.4,-0.0073732,0.18533,19.244,1.8063,0.038132,0.038189,197.85,121.25,0.971,1.566,1463,1967.8,0.789,0.306,1.328e+05,99899,0.0037207,0.73922,2.7391,4.739,6.738,8.7354,10.73,12.722,14.711,16.694,0.0041334,1.17,3.17,5.1697,7.1683,9.1649,11.159,13.149,15.135,17.115,-2.3686,-2.3889,-2.405,-2.3822,-2.3204,-2.2195,-2.0797,-1.901,-1.6834,-1.4271,2.6313,2.6027,2.5946,2.6274,2.7012,2.816,2.9718,3.1685,3.406,3.684,1,1,0,0,7.1009,7.1009,0,0,-1.631,-1.631,0,0
2.44,-0.0074336,0.18496,19.249,1.8137,0.038284,0.038162,197.68,122,0.971,1.566,1463,1967.8,0.789,0.306,1.3281e+05,99903,0.0037445,1.9515,3.9515,5.9509,7.949,9.9451,11.938,13.928,15.913,17.894,0.0041133,0.41958,2.4194,4.4193,6.4184,8.4159,10.411,12.403,14.39,16.373,-2.3838,-2.4139,-2.4059,-2.3589,-2.2728,-2.1478,-1.9838,-1.7809,-1.5394,-1.2591,2.6185,2.6053,2.5823,2.6003,2.6593,2.7594,2.9004,3.0824,3.3051,3.5685,1,1,0,0,6.3189,6.3189,0,0,-1.6754,-1.6754,0,0
2.48,-0.0074641,0.18469,19.254,1.8211,0.038396,0.038227,197.5,122.74,0.971,1.566,1463,1967.8,0.789,0.306,1.3282e+05,99895,0.0037549,1.1638,3.1637,5.1634,7.1621,9.1591,11.153,13.145,15.132,17.114,0.0040954,1.6686,3.6685,5.668,7.6662,9.6621,11.655,13.644,15.629,17.608,-2.3904,-2.4169,-2.4237,-2.3914,-2.3202,-2.2099,-2.0606,-1.8725,-1.6456,-1.38,2.6071,2.5757,2.5789,2.6232,2.7085,2.8348,3.002,3.21,3.4588,3.7481,1,1,0,0,5.5365,5.5365,0,0,-1.7138,-1.7138,0,0
2.52,-0.0075293,0.18359,19.258,1.8285,0.038785,0.037018,197.31,123.49,0.971,1.566,1463,1967.8,0.789,0.306,1.3284e+05,99898,0.0037744,0.37585,2.3757,4.3756,6.3748,8.3725,10.368,12.36,14.349,16.333,0.0040821,0.91749,2.9174,4.9172,6.9159,8.9127,10.907,12.897,14.884,16.865,-2.4028,-2.414,-2.4355,-2.418,-2.3615,-2.2659,-2.1314,-1.9579,-1.7457,-1.4947,2.5987,2.5747,2.5632,2.5927,2.6633,2.7748,2.9274,3.1207,3.3548,3.6296,1,1,0,0,4.7536,4.7536,0,0,-1.7464,-1.7464,0,0
2.56,-0.0075445,0.18232,19.263,1.8358,0.039593,0.038448,197.11,124.24,0.971,1.566,1463,1967.8,0.789,0.306,1.3281e+05,99886,0.0037901,1.5876,3.5876,5.5871,7.5854,9.5818,11.575,13.566,15.552,17.532,0.0040604,0.16605,2.1658,4.1658,6.1649,8.1626,10.158,12.15,14.138,16.121,-2.4128,-2.4414,-2.4385,-2.3966,-2.3156,-2.1956,-2.0367,-1.839,-1.6026,-1.3275,2.5848,2.5794,2.5533,2.5682,2.6241,2.7211,2.8591,3.0379,3.2575,3.5177,1,1,0,0,3.9705,3.9705,0,0,-1.7728,-1.7728,0,0
2.6,-0.0074468,0.18302,19.267,1.8431,0.039315,0.038448,196.91,124.98,0.971,1.566,1463,1967.8,0.789,0.306,1.3284e+05,99867,0.0038036,0.79928,2.7992,4.799,6.7979,8.7951,10.79,12.781,14.769,16.752,0.0040488,1.414,3.414,5.4135,7.4118,9.408,11.401,13.391,15.375,17.355,-2.4214,-2.4416,-2.4533,-2.426,-2.3596,-2.2542,-2.1099,-1.9267,-1.7048,-1.4442,2.5775,2.5487,2.549,2.5904,2.6728,2.7962,2.9604,3.1655,3.4112,3.6976,0,1,0,0,0,3.187,0,0,0,-1.7935,0,0
2.64,-0.007338,0.185,19.272,1.8505,0.038585,0.039429,196.71,125.72,0.971,1.566,1463,1967.8,0.789,0.306,1.3284e+05,99822,0.0038264,0.010687,2.0105,4.0104,6.0097,8.0076,10.003,11.996,13.985,15.97,0.0040336,0.66216,2.6621,4.6619,6.6607,8.6577,10.652,12.643,14.629,16.611,-2.4359,-2.4361,-2.4625,-2.4499,-2.3983,-2.3076,-2.1779,-2.0094,-1.8021,-1.5561,2.5678,2.5495,2.5351,2.5617,2.6294,2.7381,2.8877,3.0781,3.3093,3.5811,0,1,0,0,0,2.4031,0,0,0,-1.8088,0,0
2.68,-0.0073497,0.18607,19.276,1.8579,0.03822,0.038929,196.5,126.47,0.971,1.566,1463,1967.8,0.789,0.306,1.3285e+05,99832,0.0038344,1.2214,3.2213,5.221,7.2195,9.2162,11.21,13.201,15.187,17.169,0.0040126,1.9101,3.91,5.9093,7.907,9.9024,11.895,13.883,15.866,17.844,-2.441,-2.4661,-2.4684,-2.4315,-2.3556,-2.2408,-2.0871,-1.8946,-1.6633,-1.3933,2.5544,2.5265,2.5383,2.5912,2.6851,2.8199,2.9955,3.2119,3.4689,3.7666,0,1,0,0,0,1.6188,0,0,0,-1.8185,0,0
2.72,-0.0074226,0.18614,19.281,1.8653,0.038328,0.038198,196.28,127.21,0.971,1.566,1463,1967.8,0.789,0.306,1.3286e+05,99878,0.0038513,0.43198,2.4319,4.4317,6.4308,8.4282,10.423,12.415,14.404,16.387,0.0040042,1.1579,3.1578,5.1575,7.1559,9.1522,11.146,13.135,15.121,17.101,-2.4518,-2.4638,-2.4809,-2.459,-2.398,-2.298,-2.1592,-1.9815,-1.765,-1.5098,2.5491,2.5236,2.5205,2.5585,2.6374,2.7574,2.9182,3.1197,3.362,3.645,1,0,0,0,39.94,0,0,0,8.8145,0,0,0
2.76,-0.0075042,0.1854,19.285,1.8728,0.038831,0.037697,196.06,127.94,0.971,1.566,1463,1967.8,0.789,0.306,1.3285e+05,99900,0.0038663,1.6422,3.6422,5.6416,7.6398,9.6359,11.629,13.619,15.604,17.585,0.0039871,0.40548,2.4054,4.4052,6.4041,8.4013,10.396,12.387,14.374,16.356,-2.4613,-2.4875,-2.4804,-2.4343,-2.3491,-2.2251,-2.0622,-1.8605,-1.6201,-1.341,2.5382,2.5264,2.5084,2.5315,2.5957,2.7007,2.8467,3.0335,3.261,3.5293,1,0,0,0,39.233,0,0,0,8.5257,0,0,0
2.8,-0.0075687,0.18423,19.29,1.8802,0.039564,0.037697,195.84,128.68,0.971,1.566,1463,1967.8,0.789,0.306,1.3285e+05,99874,0.0038771,0.85246,2.8524,4.8521,6.8509,8.8478,10.842,12.834,14.821,16.803,0.0039728,1.6525,3.6525,5.6518,7.6498,9.6454,11.638,13.627,15.61,17.589,-2.4682,-2.488,-2.4957,-2.4644,-2.394,-2.2847,-2.1366,-1.9496,-1.7238,-1.4593,2.5291,2.5021,2.5104,2.5598,2.6501,2.7813,2.9534,3.1663,3.4198,3.7141,1,0,0,0,38.524,0,0,0,8.244,0,0,0
2.84,-0.0075236,0.18463,19.294,1.8875,0.039496,0.038607,195.6,129.42,0.971,1.566,1463,1967.8,0.789,0.306,1.3285e+05,99869,0.0038972,0.06257,2.0624,4.0623,6.0615,8.0592,10.055,12.047,14.036,16.02,0.0039626,0.89944,2.8994,4.8991,6.8976,8.8942,10.888,12.878,14.864,16.844,-2.481,-2.4828,-2.5052,-2.4886,-2.433,-2.3384,-2.205,-2.0327,-1.8216,-1.5717,2.5226,2.5013,2.4949,2.5295,2.6051,2.7216,2.879,3.0772,3.3161,3.5958,1,0,0,0,37.812,0,0,0,7.968,0,0,0
2.88,-0.0074649,0.1859,19.299,1.8949,0.03901,0.039413,195.37,130.15,0.971,1.566,1463,1967.8,0.789,0.306,1.3286e+05,99841,0.0039041,1.2721,3.2721,5.2716,7.27,9.2665,11.26,13.251,15.237,17.218,0.0039435,0.14626,2.1461,4.146,6.145,8.1424,10.137,12.129,14.116,16.098,-2.4854,-2.509,-2.5072,-2.4664,-2.3866,-2.2679,-2.1103,-1.914,-1.6788,-1.4049,2.5104,2.506,2.4848,2.5046,2.5654,2.6672,2.8098,2.9932,3.2174,3.4824,1,0,0,0,37.099,0,0,0,7.6962,0,0,0
2.92,-0.0074028,0.18823,19.303,1.9024,0.038112,0.040793,195.12,130.88,0.971,1.566,1463,1967.8,0.789,0.306,1.3285e+05,99801,0.0039185,0.48147,2.4814,4.4812,6.4801,8.4774,10.472,12.464,14.452,16.435,0.0039353,1.3928,3.3927,5.3922,7.3903,9.3861,11.379,13.368,15.352,17.331,-2.4945,-2.507,-2.5201,-2.4943,-2.4294,-2.3256,-2.183,-2.0015,-1.7812,-1.5221,2.5052,2.4801,2.485,2.5308,2.6177,2.7454,2.9139,3.1233,3.3735,3.6643,1,0,0,0,36.383,0,0,0,7.4271,0,0,0
2.96,-0.0074175,0.1907,19.307,1.91,0.036905,0.039804,194.87,131.62,0.971,1.566,1463,1967.8,0.789,0.306,1.3288e+05,99780,0.0039328,1.6902,3.6901,5.6895,7.6875,9.6834,11.676,13.666,15.651,17.631,0.0039226,0.63954,2.6395,4.6392,6.6379,8.6347,10.629,12.619,14.605,16.586,-2.5036,-2.5275,-2.5168,-2.4671,-2.3784,-2.2509,-2.0845,-1.8793,-1.6352,-1.3524,2.4971,2.4808,2.4705,2.5013,2.5729,2.6855,2.8389,3.0332,3.2683,3.5442,1,0,0,0,35.666,0,0,0,7.1591,0,0,0
3,-0.0075544,0.1914,19.312,1.9177,0.036755,0.039804,194.62,132.35,0.971,1.566,1463,1967.8,0.789,0.306,1.3286e+05,99842,0.0039417,0.89863,2.8986,4.8983,6.8969,8.8937,10.888,12.879,14.866,16.848,0.0039049,1.8861,3.886,5.8852,7.8828,9.878,11.87,13.858,15.841,17.818,-2.5093,-2.5288,-2.5333,-2.4989,-2.4256,-2.3133,-2.1621,-1.9721,-1.7432,-1.4755,2.4859,2.4618,2.4773,2.5337,2.631,2.7692,2.9483,3.1682,3.4289,3.7302,1,0,0,0,34.948,0,0,0,6.8946,0,0,0
3.04,-0.0078022,0.18901,19.316,1.9253,0.03779,0.037853,194.36,133.07,0.971,1.566,1463,1967.8,0.789,0.306,1.3287e+05,99921,0.0039597,0.10699,2.1069,4.1067,6.1059,8.1035,10.099,12.091,14.08,16.064,0.0038991,1.1324,3.1324,5.1319,7.1302,9.1264,11.12,13.109,15.094,17.073,-2.5207,-2.5238,-2.5435,-2.5243,-2.4662,-2.3691,-2.2331,-2.0582,-1.8445,-1.5919,2.4822,2.4592,2.4594,2.5006,2.5827,2.7057,2.8697,3.0744,3.3201,3.6064,1,0,0,0,34.227,0,0,0,6.6371,0,0,0
3.08,-0.0079358,0.18649,19.32,1.9328,0.038855,0.037426,194.09,133.8,0.971,1.566,1463,1967.8,0.789,0.306,1.3286e+05,99862,0.0039657,1.3151,3.3151,5.3146,7.3129,9.3092,11.303,13.293,15.279,17.259,0.0038846,0.37835,2.3783,4.3781,6.3769,8.3739,10.368,12.359,14.346,16.327,-2.5246,-2.5474,-2.5432,-2.5001,-2.418,-2.297,-2.137,-1.9382,-1.7006,-1.4242,2.473,2.4625,2.4477,2.4739,2.541,2.649,2.798,2.9878,3.2185,3.49,1,0,0,0,33.503,0,0,0,6.3886,0,0,0
3.12,-0.0079169,0.18535,19.325,1.9402,0.039366,0.038728,193.82,134.52,0.971,1.566,1463,1967.8,0.789,0.306,1.3284e+05,99841,0.0039778,0.52348,2.5234,4.5232,6.522,8.5192,10.514,12.505,14.493,16.476,0.0038736,1.6237,3.6236,5.6229,7.6207,9.6161,11.608,13.597,15.58,17.558,-2.5323,-2.5452,-2.5559,-2.5276,-2.4603,-2.3541,-2.209,-2.0249,-1.802,-1.5404,2.4659,2.4419,2.4532,2.5055,2.5987,2.7329,2.9079,3.1239,3.3806,3.6779,1,0,0,0,32.777,0,0,0,6.1485,0,0,0
3.16,-0.0078223,0.18586,19.329,1.9476,0.039053,0.039945,193.55,135.24,0.971,1.566,1463,1967.8,0.789,0.306,1.3288e+05,99842,0.0039911,1.7315,3.7314,5.7307,7.7286,9.7243,11.717,13.706,15.691,17.67,0.0038656,0.86886,2.8688,4.8684,6.8669,8.8633,10.857,12.847,14.832,16.812,-2.5407,-2.5627,-2.5493,-2.4968,-2.4054,-2.2751,-2.1058,-1.8976,-1.6507,-1.3651,2.4608,2.4416,2.4381,2.4755,2.5539,2.6733,2.8336,3.0348,3.2768,3.5594,1,0,0,0,32.049,0,0,0,5.9139,0,0,0
3.2,-0.0077174,0.18773,19.333,1.9551,0.038126,0.039945,193.27,135.96,0.971,1.566,1463,1967.8,0.789,0.306,1.3289e+05,99774,0.0039978,0.93925,2.9392,4.9388,6.9373,8.934,10.928,12.919,14.905,16.887,0.0038485,0.11405,2.1139,4.1138,6.1127,8.11,10.105,12.096,14.083,16.065,-2.545,-2.5639,-2.5654,-2.5279,-2.4514,-2.336,-2.1816,-1.9883,-1.7562,-1.4854,2.4499,2.4467,2.4282,2.4507,2.5142,2.6186,2.764,2.9504,3.1776,3.4454,1,0,0,0,31.319,0,0,0,5.6828,0,0,0
3.24,-0.0077658,0.18786,19.337,1.9626,0.038157,0.038991,192.98,136.68,0.971,1.566,1463,1967.8,0.789,0.306,1.329e+05,99794,0.0040139,0.14675,2.1467,4.1465,6.1455,8.143,10.138,12.13,14.118,16.102,0.0038433,1.3589,3.3589,5.3583,7.3562,9.3519,11.345,13.333,15.317,17.295,-2.5553,-2.5592,-2.5757,-2.5532,-2.4918,-2.3913,-2.2519,-2.0736,-1.8564,-1.6004,2.4466,2.424,2.4315,2.4799,2.5693,2.6998,2.8711,3.0834,3.3363,3.6299,1,0,0,0,30.588,0,0,0,5.4559,0,0,0
3.28,-0.0078535,0.18682,19.341,1.9701,0.038792,0.038035,192.69,137.4,0.971,1.566,1463,1967.8,0.789,0.306,1.329e+05,99838,0.0040193,1.3539,3.3539,5.3533,7.3514,9.3475,11.341,13.331,15.316,17.296,0.0038329,0.60371,2.6037,4.6033,6.6019,8.5986,10.592,12.583,14.568,16.549,-2.5587,-2.5799,-2.5725,-2.526,-2.4405,-2.3161,-2.1527,-1.9504,-1.7093,-1.4296,2.44,2.4255,2.418,2.4514,2.5259,2.6414,2.7978,2.9951,3.2332,3.5119,2,0,0,0,29.855,0,0,0,5.235,0,0,0
3.32,-0.0078872,0.18572,19.345,1.9775,0.039521,0.038164,192.39,138.11,0.971,1.566,1463,1967.8,0.789,0.306,1.3288e+05,99805,0.0040295,0.5611,2.5611,4.5608,6.5595,8.5565,10.551,12.542,14.529,16.512,0.0038187,1.8481,3.848,5.847,7.8445,9.8394,11.831,13.818,15.801,17.778,-2.5652,-2.5781,-2.5855,-2.554,-2.4834,-2.3738,-2.2252,-2.0377,-1.8115,-1.5466,2.431,2.4104,2.429,2.4885,2.5891,2.7307,2.9132,3.1365,3.4004,3.7049,2,0,0,0,29.119,0,0,0,5.0212,0,0,0
3.36,-0.007864,0.18523,19.349,1.985,0.039952,0.038919,192.09,138.82,0.971,1.566,1463,1967.8,0.789,0.306,1.3289e+05,99789,0.0040418,1.7681,3.768,5.7672,7.7649,9.7604,11.753,13.742,15.726,17.705,0.0038151,1.0922,3.0922,5.0916,7.0898,9.0857,11.079,13.068,15.052,17.031,-2.573,-2.5926,-2.5759,-2.5201,-2.4253,-2.2915,-2.1188,-1.9073,-1.6571,-1.3682,2.4287,2.4084,2.4122,2.457,2.5427,2.6695,2.8373,3.0458,3.2951,3.5849,2,0,0,0,28.382,0,0,0,4.8139,0,0,0
3.4,-0.0077995,0.18577,19.353,1.9924,0.03979,0.038919,191.78,139.53,0.971,1.566,1463,1967.8,0.789,0.306,1.3292e+05,99784,0.0040464,0.97496,2.9749,4.9745,6.9729,8.9693,10.963,12.953,14.939,16.92,0.0038025,0.3362,2.3361,4.3359,6.3346,8.3314,10.326,12.316,14.302,16.283,-2.5759,-2.5939,-2.592,-2.5511,-2.4711,-2.3521,-2.1942,-1.9974,-1.7619,-1.4877,2.4207,2.412,2.4009,2.4309,2.5018,2.6138,2.7668,2.9606,3.1951,3.4702,2,0,0,0,27.643,0,0,0,4.6118,0,0,0
3.44,-0.0077333,0.18712,19.357,1.9998,0.039352,0.039544,191.46,140.24,0.971,1.566,1463,1967.8,0.789,0.306,1.3293e+05,99747,0.0040603,0.18158,2.1815,4.1813,6.1802,8.1775,10.172,12.164,14.152,16.135,0.0037946,1.58,3.5799,5.5791,7.5767,9.5719,11.564,13.552,15.535,17.512,-2.5848,-2.5894,-2.6024,-2.5764,-2.5113,-2.4072,-2.2641,-2.0822,-1.8615,-1.6021,2.4156,2.3952,2.4102,2.4662,2.5633,2.7014,2.8804,3.1001,3.3605,3.6614,2,0,0,0,26.903,0,0,0,4.4142,0,0,0
3.48,-0.0077262,0.18829,19.361,2.0074,0.039043,0.0396,191.14,140.95,0.971,1.566,1463,1967.8,0.789,0.306,1.3293e+05,99729,0.0040648,1.3877,3.3877,5.387,7.385,9.3809,11.374,13.363,15.348,17.328,0.0037884,0.82377,2.8237,4.8233,6.8216,8.8177,10.811,12.8,14.785,16.765,-2.5876,-2.607,-2.596,-2.5459,-2.4568,-2.3287,-2.1617,-1.956,-1.7115,-1.4284,2.4117,2.3949,2.3949,2.436,2.5181,2.6412,2.8052,3.01,3.2555,3.5415,2,0,0,0,26.161,0,0,0,4.2206,0,0,0
3.52,-0.0077718,0.18894,19.364,2.0149,0.039003,0.039237,190.82,141.65,0.971,1.566,1463,1967.8,0.789,0.306,1.3294e+05,99738,0.0040731,0.59372,2.5937,4.5933,6.5919,8.5887,10.583,12.574,14.561,16.542,0.0037734,0.067536,2.0674,4.0672,6.0661,8.0631,10.058,12.048,14.035,16.017,-2.593,-2.6057,-2.6097,-2.5748,-2.5007,-2.3877,-2.2358,-2.045,-1.8155,-1.5473,2.4021,2.4003,2.3853,2.4112,2.4783,2.5863,2.7353,2.925,3.1556,3.4267,2,0,0,0,25.418,0,0,0,4.0316,0,0,0
3.56,-0.007841,0.18901,19.368,2.0225,0.039273,0.038923,190.49,142.35,0.971,1.566,1463,1967.8,0.789,0.306,1.3295e+05,99750,0.0040845,1.7994,3.7993,5.7984,7.796,9.7912,11.783,13.772,15.756,17.734,0.0037718,1.311,3.3109,5.3102,7.308,9.3035,11.296,13.284,15.268,17.245,-2.6002,-2.6174,-2.5976,-2.5386,-2.4407,-2.3038,-2.1281,-1.9136,-1.6605,-1.3687,2.4011,2.3814,2.3922,2.4442,2.5371,2.671,2.8457,3.0612,3.3174,3.6141,2,0,0,0,24.673,0,0,0,3.8479,0,0,0
3.6,-0.0079123,0.18866,19.371,2.03,0.039771,0.038923,190.15,143.05,0.971,1.566,1463,1967.8,0.789,0.306,1.3296e+05,99747,0.0040872,1.005,3.005,5.0045,7.0027,8.999,10.992,12.982,14.968,16.949,0.0037634,0.55436,2.5543,4.5539,6.5524,8.5488,10.542,12.532,14.518,16.498,-2.6019,-2.6191,-2.6143,-2.5705,-2.4876,-2.3658,-2.2051,-2.0057,-1.7675,-1.4906,2.3958,2.3833,2.3791,2.4159,2.4938,2.6126,2.7723,2.9727,3.2139,3.4957,2,0,0,0,23.927,0,0,0,3.6702,0,0,0
3.64,-0.0079419,0.18871,19.375,2.0376,0.039977,0.039173,189.81,143.75,0.971,1.566,1463,1967.8,0.789,0.306,1.3297e+05,99721,0.0040992,0.21047,2.2104,4.2102,6.209,8.2061,10.201,12.192,14.18,16.162,0.0037527,1.7975,3.7973,5.7963,7.7936,9.7883,11.78,13.767,15.749,17.725,-2.6096,-2.6147,-2.625,-2.5962,-2.5284,-2.4217,-2.2761,-2.0916,-1.8684,-1.6065,2.389,2.3716,2.3934,2.4562,2.5599,2.7046,2.89,3.1162,3.3831,3.6906,2,0,0,0,23.179,0,0,0,3.4983,0,0,0
3.68,-0.0079476,0.18924,19.378,2.0451,0.039904,0.039618,189.47,144.44,0.971,1.566,1463,1967.8,0.789,0.306,1.3298e+05,99694,0.0041026,1.4156,3.4156,5.4148,7.4127,9.4084,11.401,13.39,15.375,17.354,0.0037508,1.0405,3.0404,5.0398,7.0378,9.0336,11.026,13.015,14.999,16.978,-2.6117,-2.6297,-2.616,-2.5633,-2.4717,-2.3411,-2.1717,-1.9635,-1.7166,-1.431,2.3878,2.3699,2.3766,2.4243,2.5129,2.6425,2.8129,3.0241,3.276,3.5685,2,0,0,0,22.43,0,0,0,3.3318,0,0,0
3.72,-0.0079598,0.19,19.382,2.0527,0.039693,0.039873,189.11,145.13,0.971,1.566,1463,1967.8,0.789,0.306,1.3299e+05,99669,0.0041091,0.62066,2.6206,4.6202,6.6187,8.6154,10.609,12.6,14.586,16.568,0.0037399,0.28345,2.2834,4.2831,6.2817,8.2784,10.272,12.263,14.249,16.229,-2.6159,-2.6284,-2.6299,-2.5924,-2.5159,-2.4004,-2.2461,-2.053,-1.8211,-1.5505,2.3808,2.3739,2.3654,2.3979,2.4714,2.5859,2.7412,2.9373,3.1741,3.4517,2,0,0,0,21.68,0,0,0,3.1704,0,0,0
3.76,-0.0079924,0.19072,19.385,2.0603,0.03948,0.039773,188.76,145.82,0.971,1.566,1463,1967.8,0.789,0.306,1.33e+05,99661,0.0041196,1.8254,3.8252,5.8243,7.8217,9.8168,11.809,13.797,15.781,17.759,0.0037354,1.5262,3.5261,5.5252,7.5227,9.5178,11.51,13.497,15.48,17.457,-2.6226,-2.6378,-2.6155,-2.5542,-2.454,-2.3148,-2.1369,-1.9201,-1.6646,-1.3704,2.378,2.3599,2.3772,2.4355,2.5348,2.6749,2.8558,3.0775,3.34,3.6431,2,0,0,0,20.928,0,0,0,3.014,0,0,0
3.8,-0.0080469,0.19111,19.388,2.068,0.039498,0.039773,188.4,146.51,0.971,1.566,1463,1967.8,0.789,0.306,1.33e+05,99666,0.0041206,1.0299,3.0299,5.0293,7.0275,9.0236,11.017,13.007,14.992,16.973,0.003731,0.76896,2.7689,4.7684,6.7666,8.7627,10.756,12.745,14.73,16.709,-2.6232,-2.6396,-2.6326,-2.5865,-2.5016,-2.3777,-2.2149,-2.0134,-1.773,-1.4939,2.3751,2.3602,2.3623,2.4053,2.4893,2.6142,2.7799,2.9864,3.2338,3.5218,2,0,0,0,20.175,0,0,0,2.8629,0,0,0
3.84,-0.0081218,0.19094,19.391,2.0756,0.039815,0.039471,188.03,147.19,0.971,1.566,1463,1967.8,0.789,0.306,1.3302e+05,99673,0.0041311,0.23435,2.2343,4.234,6.2328,8.2298,10.224,12.216,14.203,16.185,0.0037175,0.011609,2.0115,4.0113,6.0101,8.007,10.001,11.992,13.979,15.96,-2.6299,-2.6353,-2.6435,-2.6128,-2.5431,-2.4344,-2.2869,-2.1005,-1.8754,-1.6114,2.3666,2.3664,2.3531,2.3809,2.4496,2.5593,2.7098,2.9011,3.1333,3.4062,2,0,0,0,19.421,0,0,0,2.7175,0,0,0
3.88,-0.0081763,0.19072,19.394,2.0832,0.040135,0.039449,187.66,147.87,0.971,1.566,1463,1967.8,0.789,0.306,1.3303e+05,99666,0.0041337,1.4386,3.4385,5.4377,7.4355,9.4311,11.424,13.413,15.397,17.376,0.0037192,1.2539,3.2539,5.2531,7.2509,9.2462,11.238,13.227,15.21,17.187,-2.6315,-2.6484,-2.6329,-2.5784,-2.485,-2.3527,-2.1815,-1.9715,-1.7227,-1.4351,2.3677,2.3499,2.3624,2.4158,2.5102,2.6455,2.8217,3.0387,3.2964,3.5949,2,0,0,0,18.666,0,0,0,2.5781,0,0,0
3.92,-0.0081995,0.19079,19.397,2.0909,0.040284,0.03982,187.28,148.55,0.971,1.566,1463,1967.8,0.789,0.306,1.3303e+05,99643,0.0041387,0.64269,2.6427,4.6422,6.6407,8.6372,10.631,12.622,14.608,16.589,0.0037122,0.49623,2.4962,4.4958,6.4942,8.4905,10.484,12.474,14.459,16.439,-2.6347,-2.6471,-2.6468,-2.6076,-2.5294,-2.4123,-2.2564,-2.0615,-1.8278,-1.5554,2.3632,2.3524,2.3497,2.3879,2.4671,2.5872,2.7481,2.9499,3.1926,3.4759,2,0,0,0,17.909,0,0,0,2.4447,0,0,0
3.96,-0.0082077,0.19122,19.4,2.0985,0.040169,0.040185,186.9,149.22,0.971,1.566,1463,1967.8,0.789,0.306,1.3305e+05,99615,0.0041484,1.8466,3.8464,5.8454,7.8428,9.8378,11.83,13.818,15.801,17.779,0.0037046,1.7383,3.7382,5.7371,7.7343,9.729,11.72,13.707,15.689,17.665,-2.6409,-2.6547,-2.6307,-2.5678,-2.466,-2.3253,-2.1456,-1.9271,-1.6698,-1.3738,2.3584,2.3427,2.3657,2.4296,2.5344,2.6802,2.8668,3.0943,3.3625,3.6713,2,0,0,0,17.152,0,0,0,2.3168,0,0,0
4,-0.0082145,0.19197,19.403,2.1062,0.039832,0.040185,186.51,149.89,0.971,1.566,1463,1967.8,0.789,0.306,1.3306e+05,99593,0.0041481,1.0504,3.0503,5.0497,7.0478,9.0439,11.037,13.027,15.012,16.992,0.0037038,0.98042,2.9804,4.9797,6.9777,8.9734,10.966,12.955,14.939,16.917,-2.6407,-2.6566,-2.6479,-2.6003,-2.5138,-2.3883,-2.224,-2.0207,-1.7786,-1.4978,2.3578,2.3416,2.3492,2.3978,2.4873,2.6178,2.7891,3.0014,3.2544,3.5481,2,0,0,0,16.393,0,0,0,2.1942,0,0,0
4.04,-0.0082512,0.19244,19.405,2.1139,0.039707,0.040122,186.12,150.56,0.971,1.566,1463,1967.8,0.789,0.306,1.3307e+05,99591,0.0041574,0.25396,2.2539,4.2536,6.2523,8.2493,10.244,12.235,14.222,16.204,0.0036939,0.22246,2.2224,4.2221,6.2207,8.2173,10.211,12.201,14.187,16.168,-2.6466,-2.6523,-2.6591,-2.6268,-2.5556,-2.4455,-2.2965,-2.1085,-1.8816,-1.6161,2.3515,2.3462,2.3385,2.3717,2.4459,2.561,2.717,2.914,3.1518,3.4302,2,0,0,0,15.634,0,0,0,2.0771,0,0,0
4.08,-0.008315,0.19237,19.408,2.1216,0.03989,0.039762,185.72,151.23,0.971,1.566,1463,1967.8,0.789,0.306,1.3308e+05,99599,0.0041595,1.4573,3.4572,5.4564,7.4541,9.4496,11.442,13.431,15.415,17.394,0.0036922,1.4643,3.4642,5.4633,7.4608,9.4558,11.447,13.435,15.418,17.394,-2.6479,-2.664,-2.6472,-2.5914,-2.4966,-2.3629,-2.1903,-1.9787,-1.7284,-1.4395,2.3505,2.3336,2.3514,2.4102,2.51,2.6507,2.8323,3.0548,3.318,3.6218,2,0,0,0,14.873,0,0,0,1.9657,0,0,0
4.12,-0.008371,0.19204,19.41,2.1292,0.040228,0.039622,185.31,151.89,0.971,1.566,1463,1967.8,0.789,0.306,1.3308e+05,99600,0.0041635,0.66063,2.6606,4.6602,6.6586,8.655,10.649,12.639,14.625,16.606,0.0036885,0.70606,2.706,4.7055,6.7037,8.6997,10.693,12.682,14.666,16.646,-2.6505,-2.6628,-2.6613,-2.6209,-2.5415,-2.4231,-2.2658,-2.0695,-1.8345,-1.5608,2.3481,2.3346,2.3371,2.3805,2.4649,2.5903,2.7566,2.9638,3.2118,3.5003,2,0,0,0,14.111,0,0,0,1.8604,0,0,0
4.16,-0.0084024,0.19177,19.413,2.1369,0.040547,0.039973,184.91,152.55,0.971,1.566,1463,1967.8,0.789,0.306,1.3309e+05,99581,0.0041727,1.8638,3.8636,5.8626,7.8599,9.8548,11.847,13.834,15.818,17.795,0.0036776,1.9476,3.9474,5.9462,7.9431,9.9374,11.928,13.914,15.896,17.871,-2.6563,-2.6692,-2.6442,-2.5801,-2.477,-2.335,-2.154,-1.9342,-1.6757,-1.3786,2.3412,2.3287,2.3567,2.4258,2.5359,2.6869,2.8789,3.1116,3.385,3.6988,2,0,0,0,13.349,0,0,0,1.7612,0,0,0
4.2,-0.0084044,0.19195,19.415,2.1446,0.040475,0.039973,184.49,153.21,0.971,1.566,1463,1967.8,0.789,0.306,1.331e+05,99559,0.0041714,1.0669,3.0669,5.0662,7.0643,9.0602,11.053,13.043,15.028,17.008,0.0036801,1.1891,3.189,5.1883,7.186,9.1813,11.173,13.162,15.145,17.122,-2.6555,-2.6711,-2.6613,-2.6126,-2.5249,-2.3981,-2.2324,-2.0279,-1.7846,-1.5027,2.3428,2.326,2.3388,2.3925,2.4873,2.623,2.7997,3.0172,3.2753,3.574,2,0,0,0,12.586,0,0,0,1.6679,0,0,0
4.24,-0.0083891,0.19269,19.418,2.1523,0.040116,0.040396,184.07,153.86,0.971,1.566,1463,1967.8,0.789,0.306,1.3311e+05,99532,0.0041798,0.26989,2.2699,4.2695,6.2682,8.2651,10.259,12.25,14.237,16.219,0.0036734,0.43052,2.4305,4.4301,6.4285,8.4248,10.418,12.408,14.393,16.373,-2.6609,-2.6668,-2.6724,-2.6391,-2.5667,-2.4553,-2.3049,-2.1157,-1.8877,-1.621,2.3385,2.3292,2.3266,2.3649,2.4443,2.5647,2.7261,2.9283,3.1712,3.4547,2,0,0,0,11.822,0,0,0,1.5802,0,0,0
4.28,-0.0084069,0.19324,19.42,2.16,0.039879,0.040354,183.65,154.52,0.971,1.566,1463,1967.8,0.789,0.306,1.3312e+05,99522,0.0041816,1.4726,3.4725,5.4717,7.4693,9.4647,11.457,13.446,15.43,17.409,0.0036683,1.6718,3.6717,5.6706,7.6678,9.6625,11.654,13.641,15.623,17.599,-2.662,-2.6775,-2.6595,-2.6026,-2.5066,-2.3716,-2.1977,-1.9851,-1.7337,-1.4437,2.3352,2.3202,2.3431,2.407,2.512,2.658,2.8448,3.0724,3.3406,3.6494,2,0,0,0,11.057,0,0,0,1.498,0,0,0
4.32,-0.011071,0.14605,19.424,2.1673,0.040502,-0.014202,183.22,155.16,0.971,1.566,1463,1967.8,0.789,0.306,1.3455e+05,99405,0.0041835,0.67633,2.6763,4.6758,6.6741,8.6705,10.664,12.654,14.64,16.621,0.0036692,0.9121,2.9121,4.9114,6.9093,8.905,10.898,12.886,14.87,16.848,-2.6632,-2.6752,-2.6719,-2.6295,-2.5481,-2.4277,-2.2684,-2.0703,-1.8334,-1.5578,2.3358,2.321,2.3293,2.3786,2.469,2.6004,2.7727,2.9858,3.2395,3.5339,2,0,0,0,10.291,0,0,0,1.4271,0,0,0
4.36,-0.012949,0.066048,19.429,2.1714,0.044608,-0.020361,182.79,155.81,0.971,1.566,1463,1967.8,0.789,0.306,1.3099e+05,98535,0.0041828,1.8879,3.8876,5.8863,7.8831,9.8774,11.868,13.855,15.837,17.814,0.0036699,0.145,2.145,4.1445,6.1428,8.139,10.132,12.122,14.107,16.086,-2.6628,-2.6677,-2.6339,-2.561,-2.4491,-2.2982,-2.1085,-1.8801,-1.613,-1.3073,2.3363,2.3334,2.3332,2.374,2.4559,2.5788,2.7426,2.9472,3.1926,3.4785,2,0,0,0,9.5201,0,0,0,1.3975,0,0,0
4.4,-0.012142,-0.0035353,19.434,2.1726,0.045161,-0.020361,182.36,156.46,0.971,1.566,1463,1967.8,0.789,0.306,1.3036e+05,98068,0.0041649,1.1074,3.1071,5.1059,7.1028,9.0973,11.088,13.076,15.058,17.035,0.0036876,1.3705,3.3701,5.3685,7.3648,9.3583,11.348,13.333,15.313,17.286,-2.6514,-2.6556,-2.6242,-2.5538,-2.4443,-2.2958,-2.1085,-1.8825,-1.6177,-1.3144,2.3475,2.3457,2.3841,2.4636,2.5841,2.7455,2.9477,3.1906,3.4742,3.7982,2,0,0,0,8.7445,0,0,0,1.4004,0,0,0
4.44,-0.0087378,-0.037336,19.439,2.1717,0.042227,-0.01029,181.93,157.1,0.971,1.566,1463,1967.8,0.789,0.306,1.318e+05,99860,0.0041519,0.33213,2.3318,4.3305,6.3274,8.3217,10.313,12.3,14.282,16.258,0.0037043,0.59099,2.5906,4.5889,6.5851,8.5784,10.568,12.553,14.532,16.506,-2.6431,-2.6441,-2.611,-2.5389,-2.4277,-2.2776,-2.0886,-1.8608,-1.5944,-1.2894,2.3582,2.3579,2.3979,2.4791,2.6013,2.7644,2.9683,3.2129,3.4982,3.8239,2,0,0,0,7.9658,0,0,0,1.4191,0,0,0
4.48,-0.0045041,-0.037935,19.445,2.17,0.040924,0.0043337,181.49,157.75,0.971,1.566,1463,1967.8,0.789,0.306,1.3399e+05,1.0111e+05,0.0041305,1.5584,3.5569,5.5536,7.5477,9.5384,11.525,13.507,15.483,17.452,0.0037217,1.8089,3.807,5.8031,7.7961,9.7853,11.77,13.749,15.722,17.687,-2.6295,-2.6012,-2.5258,-2.4113,-2.2579,-2.0656,-1.8346,-1.5649,-1.2566,-0.90986,2.3692,2.4084,2.4928,2.6183,2.7847,2.9919,3.2398,3.5283,3.8573,4.2267,2,0,0,0,7.1857,0,0,0,1.439,0,0,0
4.52,-0.0010279,-0.017685,19.45,2.1688,0.040815,0.014007,181.06,158.39,0.971,1.566,1463,1967.8,0.789,0.306,1.3492e+05,1.0141e+05,0.0041034,0.78363,2.7821,4.7786,6.7725,8.763,10.749,12.731,14.706,16.676,0.0037533,1.0279,3.026,5.0219,7.0147,9.0037,10.988,12.967,14.939,16.904,-2.6122,-2.5971,-2.5192,-2.4023,-2.2464,-2.0517,-1.8183,-1.5461,-1.2354,-0.88622,2.3894,2.4128,2.4997,2.6277,2.7965,3.0061,3.2565,3.5474,3.8788,4.2507,2,0,0,0,6.406,0,0,0,1.4506,0,0,0
4.56,0.0013283,0.013812,19.454,2.1687,0.041205,0.024612,180.62,159.03,0.971,1.566,1463,1967.8,0.789,0.306,1.3445e+05,1.0115e+05,0.0040795,0.0058877,2.0043,4.0009,5.9947,7.9852,9.9714,11.953,13.928,15.898,0.0037815,0.24946,2.2475,4.2434,6.2362,8.2251,10.209,12.188,14.16,16.125,-2.597,-2.597,-2.5188,-2.4016,-2.2455,-2.0504,-1.8167,-1.5443,-1.2333,-0.88378,2.4073,2.413,2.5002,2.6284,2.7975,3.0074,3.2581,3.5493,3.881,4.2532,2,0,0,0,5.6277,0,0,0,1.4516,0,0,0
4.6,0.0027234,0.053084,19.459,2.1701,0.041257,0.024612,180.18,159.68,0.971,1.566,1463,1967.8,0.789,0.306,1.3399e+05,1.0022e+05,0.0040349,1.2226,3.2193,5.2134,7.2041,9.1907,11.172,13.148,15.118,17.081,0.0038234,1.4727,3.4687,5.4617,7.4509,9.4355,11.414,13.387,15.353,17.31,-2.5686,-2.5226,-2.4081,-2.2546,-2.0623,-1.8313,-1.5616,-1.2532,-0.90645,-0.52126,2.434,2.4961,2.6216,2.788,2.9952,3.2431,3.5317,3.8607,4.2302,4.6399,2,0,0,0,4.8514,0,0,0,1.4423,0,0,0
4.64,0.0032688,0.09588,19.462,2.1732,0.041753,0.033178,179.74,160.32,0.971,1.566,1463,1967.8,0.789,0.306,1.3345e+05,99425,0.0039935,0.43666,2.4337,4.4282,6.4195,8.4067,10.389,12.366,14.337,16.301,0.0038692,0.70172,2.6981,4.6916,6.6814,8.6667,10.647,12.62,14.587,16.546,-2.5423,-2.5272,-2.4187,-2.2713,-2.0849,-1.8598,-1.596,-1.2936,-0.95275,-0.57344,2.4631,2.4905,2.6101,2.7705,2.9718,3.2138,3.4964,3.8195,4.1831,4.5869,2,0,0,0,4.0773,0,0,0,1.4254,0,0,0
4.68,0.0028206,0.13358,19.465,2.1778,0.042987,0.038984,179.29,160.96,0.971,1.566,1463,1967.8,0.789,0.306,1.3308e+05,99080,0.0039454,1.6441,3.6392,5.6313,7.6196,9.6033,11.582,13.554,15.519,17.477,0.0039127,1.9315,3.9257,5.9164,7.9028,9.8839,11.859,13.827,15.788,17.74,-2.5116,-2.43,-2.2917,-2.1144,-1.8984,-1.6437,-1.3503,-1.0185,-0.64815,-0.23949,2.4908,2.5974,2.7487,2.9409,3.1738,3.4473,3.7615,4.116,4.5109,4.946,2,0,0,0,3.3052,0,0,0,1.4045,0,0,0
4.72,0.0015753,0.16328,19.468,2.1837,0.044708,0.041038,178.84,161.59,0.971,1.566,1463,1967.8,0.789,0.306,1.3279e+05,99032,0.0038887,0.85097,2.8469,4.84,6.8296,8.8147,10.795,12.769,14.736,16.697,0.0039735,1.1682,3.1633,5.1552,7.1429,9.1256,11.103,13.073,15.036,16.99,-2.4756,-2.4385,-2.312,-2.1466,-1.9424,-1.6995,-1.4179,-1.0978,-0.73913,-0.34212,2.5295,2.5869,2.7264,2.9067,3.1278,3.3896,3.692,4.0348,4.4181,4.8415,2,0,0,0,2.5348,0,0,0,1.3834,0,0,0
4.76,-8.9853e-05,0.18531,19.47,2.1907,0.046926,0.043386,178.39,162.23,0.971,1.566,1463,1967.8,0.789,0.306,1.3267e+05,99154,0.0038377,0.055216,2.052,4.0462,6.0371,8.0239,10.006,11.982,13.952,15.915,0.0040285,0.40755,2.4036,4.3966,6.3858,8.3703,10.349,12.322,14.288,16.245,-2.4431,-2.4412,-2.3286,-2.1772,-1.9869,-1.7578,-1.4901,-1.1837,-0.83887,-0.45557,2.5646,2.5816,2.7072,2.8736,3.0808,3.3287,3.6173,3.9463,4.3158,4.7257,2,0,0,0,1.7657,0,0,0,1.3656,0,0,0
4.8,-0.0018647,0.20206,19.471,2.1985,0.049394,0.043386,177.94,162.86,0.971,1.566,1463,1967.8,0.789,0.306,1.3275e+05,99253,0.0037704,1.2551,3.2505,5.2428,7.2313,9.2153,11.194,13.167,15.132,17.091,0.0040885,1.6458,3.64,5.6308,7.6172,9.5984,11.574,13.542,15.503,17.455,-2.4002,-2.3394,-2.2034,-2.0286,-1.815,-1.5627,-1.2717,-0.94216,-0.57413,-0.16778,2.6028,2.6932,2.8442,3.0359,3.2684,3.5415,3.8553,4.2095,4.6041,5.0388,1,0,0,0,11.569,0,0,0,0.012933,0,0,0
4.84,-0.0035372,0.21623,19.472,2.2069,0.051918,0.046131,177.48,163.49,0.971,1.566,1463,1967.8,0.789,0.306,1.3285e+05,99291,0.0037089,0.45673,2.4531,4.4468,6.4371,8.4231,10.404,12.379,14.348,16.31,0.0041543,0.88954,2.885,4.8773,6.8656,8.849,10.827,12.798,14.762,16.718,-2.3611,-2.3429,-2.2236,-2.0655,-1.8686,-1.6329,-1.3585,-1.0455,-0.69398,-0.30407,2.6446,2.686,2.8202,2.9952,3.2111,3.4676,3.7648,4.1025,4.4806,4.8989,1,0,0,0,10.79,0,0,0,-0.080743,0,0,0
4.88,-0.0093279,0.14368,19.475,2.2145,0.055968,-0.017885,177.02,164.12,0.971,1.566,1463,1967.8,0.789,0.306,1.3396e+05,1.0039e+05,0.0036416,1.6572,3.6521,5.6438,7.6316,9.6147,11.592,13.564,15.528,17.485,0.0042165,0.13134,2.1278,4.1213,6.1112,8.0966,10.077,12.05,14.017,15.976,-2.3183,-2.2322,-2.0894,-1.9077,-1.6873,-1.4281,-1.1303,-0.79383,-0.41898,-0.005874,2.6842,2.6892,2.8081,2.9679,3.1684,3.4098,3.6917,4.0143,4.3774,4.7807,1,0,0,0,10.01,0,0,0,-0.15663,0,0,0
4.92,-0.011822,0.060409,19.479,2.2185,0.065268,-0.019457,176.56,164.75,0.971,1.566,1463,1967.8,0.789,0.306,1.3151e+05,98826,0.0035602,0.86914,2.8646,4.857,6.8457,8.8298,10.809,12.781,14.747,16.706,0.0043021,1.3602,3.3545,5.3451,7.3315,9.3126,11.288,13.256,15.216,17.168,-2.2664,-2.2249,-2.0902,-1.9167,-1.7043,-1.4532,-1.1634,-0.83498,-0.46811,-0.062946,2.7387,2.8139,2.9656,3.1581,3.3913,3.6652,3.9798,4.3349,4.7302,5.1657,1,0,0,0,9.2304,0,0,0,-0.18498,0,0,0
4.96,-0.010991,-0.00074665,19.482,2.2195,0.077883,-0.0087636,176.09,165.37,0.971,1.566,1463,1967.8,0.789,0.306,1.3138e+05,98624,0.0034826,0.087582,2.0832,4.0758,6.0647,8.0491,10.028,12.001,13.968,15.927,0.0043892,0.58417,2.5785,4.5694,6.556,8.5374,10.513,12.481,14.442,16.395,-2.217,-2.2131,-2.0806,-1.9091,-1.6989,-1.4499,-1.1623,-0.83599,-0.47122,-0.068158,2.7942,2.8257,2.9752,3.1655,3.3966,3.6684,3.9808,4.3338,4.7271,5.1604,1,0,0,0,8.4511,0,0,0,-0.18253,0,0,0
5,-0.0081764,-0.030894,19.486,2.2188,0.08917,-0.0087636,175.63,166,0.971,1.566,1463,1967.8,0.789,0.306,1.3359e+05,99446,0.0033891,1.3052,3.2977,5.2864,7.2707,9.2497,11.223,13.189,15.147,17.098,0.0044777,1.7973,3.788,5.7744,7.7557,9.7309,11.699,13.66,15.612,17.555,-2.1575,-2.0702,-1.8975,-1.6859,-1.4357,-1.1467,-0.81909,-0.45302,-0.04865,0.39383,2.8505,2.9861,3.1777,3.4101,3.6832,3.997,4.3513,4.7458,5.1805,5.6551,1,0,0,0,7.6719,0,0,0,-0.16764,0,0,0
5.04,-0.0039711,-0.015932,19.489,2.2179,0.099035,0.010366,175.16,166.62,0.971,1.566,1463,1967.8,0.789,0.306,1.3411e+05,1.0026e+05,0.0032986,0.52771,2.52,4.5086,6.4926,8.4713,10.444,12.41,14.368,16.318,0.0045794,1.0149,3.0055,4.9917,6.9726,8.9475,10.916,12.876,14.828,16.77,-2.0999,-2.0642,-1.8895,-1.6761,-1.4239,-1.133,-0.80349,-0.43551,-0.029246,0.41512,2.9153,2.9927,3.1862,3.4205,3.6956,4.0112,4.3674,4.7639,5.2004,5.6769,1,0,0,0,6.8926,0,0,0,-0.15504,0,0,0
5.08,0.00028826,0.036707,19.49,2.2181,0.10677,0.039688,174.69,167.25,0.971,1.566,1463,1967.8,0.789,0.306,1.3397e+05,99983,0.0032055,1.7401,3.7287,5.7127,7.6915,9.6642,11.63,13.588,15.538,17.48,0.0046749,0.23589,2.2265,4.2127,6.1938,8.1687,10.137,12.097,14.049,15.991,-2.0406,-1.8887,-1.6756,-1.4238,-1.1333,-0.80418,-0.43657,-0.030687,0.4133,0.89522,2.9761,2.9937,3.1869,3.4209,3.6955,4.0108,4.3666,4.7627,5.1989,5.675,1,0,0,0,6.113,0,0,0,-0.15514,0,0,0
5.12,0.0027487,0.10228,19.491,2.2209,0.11099,0.054234,174.22,167.87,0.971,1.566,1463,1967.8,0.789,0.306,1.3386e+05,98719,0.0031023,0.95546,2.9446,4.9293,6.9089,8.8824,10.849,12.809,14.76,16.702,0.0047803,1.4554,3.4423,5.424,7.3998,9.3689,11.33,13.283,15.227,17.161,-1.9749,-1.8942,-1.6864,-1.4399,-1.1547,-0.83086,-0.46853,-0.067897,0.37086,0.84756,3.0431,3.18,3.4086,3.6779,3.9879,4.3384,4.7293,5.1602,5.6311,6.1417,1,0,0,0,5.3329,0,0,0,-0.1735,0,0,0
5.16,0.0034986,0.16844,19.49,2.2263,0.11276,0.0744,173.75,168.48,0.971,1.566,1463,1967.8,0.789,0.306,1.3263e+05,98390,0.0030047,0.16576,2.156,4.142,6.123,8.0983,10.067,12.029,13.982,15.927,0.0048854,0.69292,2.681,4.6641,6.6416,8.6124,10.576,12.531,14.477,16.414,-1.9128,-1.8999,-1.7028,-1.4669,-1.1923,-0.87906,-0.52728,-0.13716,0.29112,0.75739,3.11,3.1712,3.3892,3.6479,3.9473,4.2872,4.6676,5.088,5.5485,6.0487,1,0,0,0,4.5524,0,0,0,-0.20506,0,0,0
5.2,0.0031758,0.2377,19.486,2.2345,0.11181,0.0744,173.27,169.1,0.971,1.566,1463,1967.8,0.789,0.306,1.3249e+05,98006,0.0028952,1.3627,3.3505,5.3337,7.3115,9.2831,11.248,13.205,15.153,17.093,0.0049831,1.9292,3.9144,5.8942,7.8678,9.8343,11.793,13.743,15.683,17.613,-1.8431,-1.7196,-1.5,-1.2416,-0.9445,-0.60883,-0.23477,0.17752,0.62786,1.1161,3.1723,3.3674,3.6099,3.8931,4.2169,4.5811,4.9856,5.4301,5.9145,6.4385,1,0,0,0,3.7712,0,0,0,-0.24517,0,0,0
5.24,0.0018643,0.30782,19.479,2.2455,0.10818,0.092375,172.78,169.71,0.971,1.566,1463,1967.8,0.789,0.306,1.3242e+05,97535,0.0027901,0.56481,2.555,4.5409,6.5218,8.4969,10.466,12.427,14.38,16.325,0.005092,1.1869,3.1746,5.1574,7.1344,9.1048,11.068,13.022,14.968,16.904,-1.7762,-1.7313,-1.5334,-1.2967,-1.0213,-0.70718,-0.35463,0.03622,0.46521,0.93216,3.2416,3.3484,3.5692,3.8307,4.1329,4.4756,4.8587,5.2818,5.7449,6.2477,1,0,0,0,2.9893,0,0,0,-0.28815,0,0,0
5.28,-0.00074623,0.36952,19.469,2.2591,0.10225,0.10551,172.29,170.31,0.971,1.566,1463,1967.8,0.789,0.306,1.3266e+05,97303,0.0026889,1.7555,3.7444,5.7289,7.7081,9.6813,11.648,13.607,15.558,17.499,0.0051885,0.45357,2.4441,4.4302,6.4111,8.386,10.354,12.314,14.266,16.208,-1.7117,-1.5613,-1.3515,-1.1028,-0.81547,-0.48959,-0.12531,0.27719,0.71778,1.1963,3.303,3.3374,3.5313,3.7661,4.0415,4.3576,4.714,5.1106,5.5473,6.0239,1,0,0,0,2.2066,0,0,0,-0.32809,0,0,0
5.32,-0.0046276,0.41767,19.458,2.2749,0.094816,0.10599,171.79,170.91,0.971,1.566,1463,1967.8,0.789,0.306,1.3343e+05,97645,0.0025833,0.95281,2.9448,4.9329,6.9164,8.8945,10.867,12.832,14.789,16.738,0.005281,1.7217,3.7113,5.6963,7.6758,9.6491,11.615,13.574,15.523,17.463,-1.6445,-1.578,-1.3996,-1.1822,-0.92614,-0.63142,-0.29822,0.073309,0.48303,0.93081,3.3619,3.5018,3.7052,3.9494,4.2342,4.5596,4.9252,5.331,5.7769,6.2625,0,0,0,0,0,0,0,0,0,0,0,0
5.36,-0.0093791,0.45002,19.447,2.2924,0.087088,0.099675,171.29,171.5,0.971,1.566,1463,1967.8,0.789,0.306,1.3492e+05,98284,0.0024916,0.14802,2.1428,4.1344,6.122,8.105,10.082,12.054,14.018,15.975,0.0053751,1.0053,2.9981,4.987,6.9712,8.9499,10.922,12.887,14.844,16.792,-1.5862,-1.5785,-1.4347,-1.2519,-1.0303,-0.77004,-0.47119,-0.1339,0.24171,0.65549,3.4218,3.4859,3.6547,3.8643,4.1147,4.4057,4.7371,5.1088,5.5206,5.9724,0,0,0,0,0,0,0,0,0,0,0,0
5.4,-0.014556,0.46642,19.436,2.3107,0.079838,0.099675,170.77,172.09,0.971,1.566,1463,1967.8,0.789,0.306,1.3609e+05,98791,0.0023945,1.3396,3.3342,5.3255,7.3129,9.2956,11.273,13.244,15.208,17.164,0.0054568,0.29258,2.2882,4.2806,6.2691,8.2528,10.231,12.202,14.167,16.123,-1.5244,-1.4525,-1.3062,-1.121,-0.89711,-0.63453,-0.33341,0.0061349,0.38399,0.80003,3.4738,3.4869,3.6192,3.7924,4.0065,4.2611,4.5563,4.8919,5.2678,5.6839,0,0,0,0,0,0,0,0,0,0,0,0
5.44,-0.019859,0.46578,19.425,2.3294,0.073607,0.089636,170.26,172.67,0.971,1.566,1463,1967.8,0.789,0.306,1.3695e+05,99228,0.0023087,0.5362,2.5332,4.5277,6.5189,8.5061,10.488,12.465,14.436,16.4,0.0055395,1.5794,3.5748,5.5669,7.555,9.5382,11.516,13.487,15.45,17.406,-1.4697,-1.451,-1.3419,-1.1938,-1.0069,-0.78128,-0.51704,-0.21427,0.12693,0.50645,3.5264,3.6014,3.7375,3.9144,4.1321,4.3904,4.6893,5.0285,5.408,5.8277,0,0,0,0,0,0,0,0,0,0,0,0
5.48,-0.024653,0.45463,19.415,2.3478,0.068479,0.080616,169.73,173.24,0.971,1.566,1463,1967.8,0.789,0.306,1.3695e+05,99353,0.0022312,1.7325,3.7293,5.7237,7.7147,9.7016,11.684,13.66,15.631,17.594,0.0056182,0.87027,2.8678,4.8628,6.8546,8.8422,10.825,12.802,14.772,16.735,-1.4204,-1.3577,-1.2464,-1.0962,-0.9072,-0.6795,-0.41318,-0.10834,0.23495,0.6166,3.5765,3.6018,3.7011,3.8414,4.0224,4.2442,4.5065,4.8094,5.1527,5.5363,0,0,0,0,0,0,0,0,0,0,0,0
5.52,-0.028674,0.43671,19.405,2.3657,0.064413,0.072861,169.19,173.8,0.971,1.566,1463,1967.8,0.789,0.306,1.3603e+05,99096,0.0021545,0.93285,2.9314,4.9281,6.9221,8.9128,10.899,12.881,14.857,16.827,0.0056828,0.1596,2.1585,4.1558,6.1504,8.1417,10.129,12.111,14.087,16.056,-1.3716,-1.3545,-1.2788,-1.1641,-1.0107,-0.81844,-0.58751,-0.31795,-0.0098538,0.33672,3.6177,3.6194,3.6831,3.7878,3.9333,4.1196,4.3466,4.6141,4.9222,5.2708,0,0,0,0,0,0,0,0,0,0,0,0
5.56,-0.031797,0.41497,19.395,2.3827,0.061342,0.066952,168.65,174.36,0.971,1.566,1463,1967.8,0.789,0.306,1.352e+05,98656,0.0020955,0.13494,2.1345,4.1328,6.1292,8.1229,10.113,12.099,14.08,16.055,0.0057505,1.4465,3.4452,5.4421,7.4362,9.4268,11.413,13.394,15.369,17.337,-1.334,-1.3338,-1.2921,-1.2115,-1.092,-0.93364,-0.73654,-0.50074,-0.2263,0.08671,3.6608,3.6822,3.7528,3.8644,4.0168,4.2099,4.4437,4.7182,5.0331,5.3886,0,0,0,0,0,0,0,0,0,0,0,0
5.6,-0.034018,0.39095,19.386,2.3988,0.059164,0.066952,168.1,174.9,0.971,1.566,1463,1967.8,0.789,0.306,1.3445e+05,98502,0.0020341,1.339,3.3384,5.3365,7.3324,9.3256,11.315,13.3,15.28,17.255,0.0058077,0.73147,2.7311,4.7294,6.7258,8.7193,10.709,12.694,14.674,16.648,-1.2949,-1.2885,-1.24,-1.1526,-1.0264,-0.8613,-0.65747,-0.41493,-0.13373,0.18606,3.6972,3.6963,3.7348,3.8142,3.9345,4.0956,4.2974,4.54,4.8232,5.1469,0,0,0,0,0,0,0,0,0,0,0,0
5.64,-0.035341,0.36564,19.377,2.4139,0.057714,0.062682,167.55,175.44,0.971,1.566,1463,1967.8,0.789,0.306,1.3396e+05,98533,0.0019864,0.54535,2.5452,4.5444,6.542,8.5374,10.53,12.518,14.503,16.481,0.005849,0.013434,2.0134,4.0127,6.0107,8.0063,9.9989,11.988,13.971,15.95,-1.2646,-1.2702,-1.2519,-1.1947,-1.0986,-0.96371,-0.78997,-0.57745,-0.32619,-0.03627,3.7235,3.7233,3.7316,3.7808,3.8709,4.0019,4.1736,4.3862,4.6394,4.9333,0,0,0,0,0,0,0,0,0,0,0,0
5.68,-0.035744,0.34114,19.369,2.4281,0.056897,0.059644,166.98,175.97,0.971,1.566,1463,1967.8,0.789,0.306,1.3354e+05,98650,0.001949,1.7535,3.7532,5.752,7.7492,9.7438,11.735,13.723,15.705,17.683,0.005897,1.2923,3.2922,5.2912,7.2885,9.2833,11.275,13.262,15.244,17.221,-1.2407,-1.2495,-1.2205,-1.1527,-1.046,-0.90041,-0.71602,-0.49282,-0.23089,0.069646,3.7541,3.7412,3.7622,3.824,3.9268,4.0703,4.2547,4.4799,4.7458,5.0523,0,0,0,0,0,0,0,0,0,0,0,0
5.72,-0.03532,0.31828,19.362,2.4412,0.056622,0.057778,166.41,176.5,0.971,1.566,1463,1967.8,0.789,0.306,1.3319e+05,98741,0.0019124,0.96328,2.9632,4.9628,6.9611,8.9575,10.951,12.941,14.927,16.909,0.0059293,0.56813,2.5681,4.5677,6.5662,8.5627,10.556,12.546,14.532,16.512,-1.2174,-1.2349,-1.2323,-1.1909,-1.1105,-0.99123,-0.83311,-0.63614,-0.40037,-0.12593,3.7746,3.7616,3.7561,3.7916,3.868,3.9853,4.1434,4.3424,4.5821,4.8625,0,0,0,0,0,0,0,0,0,0,0,0
5.76,-0.034198,0.2978,19.355,2.4535,0.056599,0.05692,165.83,177.01,0.971,1.566,1463,1967.8,0.789,0.306,1.3291e+05,98847,0.0018929,0.1746,2.1744,4.1743,6.1735,8.1712,10.167,12.159,14.148,16.132,0.0059509,1.8409,3.8408,5.8401,7.8379,9.8334,11.826,13.814,15.798,17.775,-1.205,-1.2103,-1.2324,-1.2155,-1.1598,-1.0651,-0.93153,-0.75908,-0.54778,-0.29775,3.7884,3.7608,3.7717,3.8234,3.9161,4.0496,4.2241,4.4394,4.6954,4.9919,0,0,0,0,0,0,0,0,0,0,0,0
5.8,-0.032528,0.28023,19.349,2.4651,0.056554,0.05692,165.25,177.52,0.971,1.566,1463,1967.8,0.789,0.306,1.3273e+05,98969,0.0018714,1.3868,3.3867,5.3864,7.3851,9.382,11.376,13.367,15.355,17.337,0.005975,1.1111,3.111,5.1107,7.1095,9.1064,11.101,13.091,15.078,17.059,-1.1913,-1.2226,-1.2289,-1.1962,-1.1246,-1.0141,-0.8647,-0.67638,-0.44928,-0.18353,3.8037,3.7743,3.762,3.7907,3.8603,3.9708,4.1222,4.3145,4.5476,4.8213,0,0,0,0,0,0,0,0,0,0,0,0
5.84,-0.030462,0.26609,19.345,2.476,0.056441,0.056759,164.66,178.02,0.971,1.566,1463,1967.8,0.789,0.306,1.3262e+05,99088,0.0018609,0.60022,2.6,4.5999,6.5993,8.5973,10.593,12.586,14.576,16.561,0.0059836,0.37916,2.3788,4.3788,6.3781,8.3761,10.372,12.365,14.353,16.337,-1.1846,-1.2047,-1.2328,-1.222,-1.1722,-1.0836,-0.95592,-0.78935,-0.58396,-0.33985,3.8091,3.7951,3.7611,3.7679,3.8156,3.9043,4.034,4.2045,4.4159,4.6679,0,0,0,0,0,0,0,0,0,0,0,0
5.88,-0.028176,0.25522,19.341,2.4864,0.056215,0.05667,164.06,178.51,0.971,1.566,1463,1967.8,0.789,0.306,1.3257e+05,99202,0.0018606,1.8139,3.8139,5.8136,7.8124,9.8095,11.804,13.796,15.783,17.766,0.0059887,1.6449,3.6448,5.6446,7.6434,9.6404,11.635,13.626,15.612,17.593,-1.1845,-1.2288,-1.2389,-1.21,-1.1421,-1.0353,-0.88947,-0.70481,-0.48139,-0.21933,3.8124,3.7673,3.7533,3.7802,3.8481,3.9569,4.1067,4.2974,4.5287,4.8007,0,0,0,0,0,0,0,0,0,0,0,0
5.92,-0.025824,0.24731,19.338,2.4964,0.055802,0.056511,163.46,179,0.971,1.566,1463,1967.8,0.789,0.306,1.3257e+05,99310,0.0018576,1.0285,3.0282,5.0281,7.0275,9.0256,11.022,13.015,15.004,16.99,0.0059911,0.90971,2.9094,4.9093,6.9087,8.9067,10.902,12.895,14.884,16.868,-1.1825,-1.218,-1.2481,-1.2393,-1.1915,-1.1047,-0.97899,-0.81433,-0.61088,-0.36874,3.8139,3.78,3.7459,3.7527,3.8005,3.8892,4.019,4.1896,4.401,4.6531,0,0,0,0,0,0,0,0,0,0,0,0
5.96,-0.023529,0.24199,19.337,2.5062,0.055122,0.056153,162.85,179.48,0.971,1.566,1463,1967.8,0.789,0.306,1.3261e+05,99413,0.0018696,0.24351,2.2428,4.2428,6.2425,8.2414,10.239,12.233,14.225,16.212,0.0059791,0.17371,2.1729,4.1729,6.1726,8.1714,10.168,12.163,14.153,16.14,-1.1902,-1.2009,-1.2506,-1.2613,-1.2331,-1.1659,-1.0596,-0.91448,-0.73049,-0.50776,3.8063,3.7984,3.7447,3.7319,3.7602,3.8294,3.9396,4.0908,4.2827,4.5154,0,0,0,0,0,0,0,0,0,0,0,0
6,-0.02139,0.23872,19.336,2.5158,0.054132,0.056153,162.23,179.94,0.971,1.566,1463,1967.8,0.789,0.306,1.3265e+05,99515,0.0018796,1.4577,3.4575,5.4574,7.4568,9.4549,11.451,13.444,15.434,17.419,0.0059716,1.4359,3.4356,5.4355,7.4349,9.4328,11.428,13.421,15.409,17.393,-1.1965,-1.2467,-1.2767,-1.2677,-1.2197,-1.1326,-1.0066,-0.84178,-0.63814,-0.39582,3.8015,3.7493,3.7174,3.7264,3.7764,3.8674,3.9994,4.1723,4.3858,4.64,0,0,0,0,0,0,0,0,0,0,0,0
6.04,-0.019489,0.23665,19.336,2.5253,0.052823,0.055451,161.62,180.41,0.971,1.566,1463,1967.8,0.789,0.306,1.3273e+05,99614,0.0018964,0.67281,2.6722,4.6721,6.6719,8.6707,10.668,12.662,14.654,16.641,0.0059559,0.6985,2.6978,4.6977,6.6975,8.6961,10.693,12.687,14.677,16.663,-1.2072,-1.2368,-1.2857,-1.2957,-1.2667,-1.1987,-1.0917,-0.94573,-0.761,-0.53755,3.7915,3.7596,3.7087,3.6987,3.7297,3.8017,3.9148,4.0687,4.2633,4.4987,0,0,0,0,0,0,0,0,0,0,0,0
6.08,-0.017858,0.23519,19.336,2.5348,0.051241,0.054284,160.99,180.86,0.971,1.566,1463,1967.8,0.789,0.306,1.328e+05,99704,0.0019236,1.8869,3.8866,5.8865,7.8859,9.8839,11.88,13.873,15.862,17.847,0.0059284,1.9597,3.9594,5.9594,7.9586,9.9564,11.952,13.944,15.932,17.915,-1.2246,-1.2886,-1.3174,-1.3073,-1.2581,-1.1699,-1.0428,-0.8769,-0.6722,-0.4288,3.774,3.7057,3.6769,3.689,3.7422,3.8364,3.9715,4.1473,4.364,4.6212,0,0,0,0,0,0,0,0,0,0,0,0
6.12,-0.016498,0.23382,19.338,2.5441,0.049482,0.052629,160.36,181.31,0.971,1.566,1463,1967.8,0.789,0.306,1.3286e+05,99783,0.0019437,1.1016,3.1009,5.1009,7.1006,9.0994,11.096,13.091,15.082,17.07,0.0059104,1.2213,3.2207,5.2206,7.2203,9.2189,11.215,13.209,15.199,17.185,-1.2374,-1.2851,-1.3327,-1.3413,-1.3109,-1.2415,-1.1331,-0.98592,-0.79988,-0.57512,3.7626,3.7087,3.661,3.6544,3.6888,3.7642,3.8806,4.0378,4.2357,4.4744,0,0,0,0,0,0,0,0,0,0,0,0
6.16,-0.015384,0.23218,19.339,2.5535,0.047688,0.050597,159.73,181.75,0.971,1.566,1463,1967.8,0.789,0.306,1.3287e+05,99851,0.001977,0.31631,2.3152,4.3149,6.3149,8.3142,10.312,12.308,14.301,16.29,0.00588,0.48267,2.4815,4.4813,6.4812,8.4804,10.478,12.473,14.465,16.453,-1.2586,-1.2751,-1.3414,-1.3687,-1.3569,-1.3062,-1.2164,-1.0878,-0.92031,-0.71407,3.7432,3.7176,3.6513,3.626,3.6418,3.6986,3.7963,3.9349,4.1143,4.3345,0,0,0,0,0,0,0,0,0,0,0,0
6.2,-0.014495,0.22979,19.342,2.5627,0.046066,0.050597,159.09,182.19,0.971,1.566,1463,1967.8,0.789,0.306,1.3285e+05,99909,0.0020086,1.5294,3.5288,5.5288,7.5285,9.5272,11.524,13.518,15.51,17.497,0.0058458,1.7419,3.7413,5.7413,7.7409,9.7393,11.736,13.729,15.719,17.704,-1.2786,-1.3434,-1.3892,-1.3959,-1.3636,-1.2923,-1.1821,-1.033,-0.84513,-0.6185,3.7215,3.6478,3.6041,3.6014,3.6397,3.719,3.8392,4.0002,4.202,4.4445,0,0,0,0,0,0,0,0,0,0,0,0
6.24,-0.013811,0.22604,19.345,2.5718,0.044686,0.048419,158.44,182.62,0.971,1.566,1463,1967.8,0.789,0.306,1.3286e+05,99954,0.0020429,0.74361,2.7425,4.7424,6.7423,8.7415,10.739,12.735,14.728,16.717,0.0058152,1.0016,3.0006,5.0005,7.0004,8.9994,10.997,12.992,14.983,16.97,-1.3005,-1.3387,-1.4027,-1.4276,-1.4135,-1.3605,-1.2685,-1.1376,-0.96785,-0.75933,3.702,3.6506,3.5887,3.5678,3.5879,3.6489,3.7509,3.8938,4.0774,4.3018,0,0,0,0,0,0,0,0,0,0,0,0
6.28,-0.01324,0.22171,19.348,2.5808,0.043541,0.046332,157.79,183.04,0.971,1.566,1463,1967.8,0.789,0.306,1.3286e+05,99987,0.002088,1.9563,3.9558,5.9557,7.9554,9.954,11.951,13.945,15.936,17.923,0.0057731,0.26077,2.2591,4.2587,6.2587,8.2582,10.256,12.252,14.246,16.235,-1.3292,-1.4093,-1.4522,-1.456,-1.4208,-1.3467,-1.2337,-1.0819,-0.89117,-0.66169,3.6751,3.6597,3.5798,3.541,3.5431,3.5863,3.6704,3.7953,3.9612,4.1678,0,0,0,0,0,0,0,0,0,0,0,0
6.32,-0.012732,0.21708,19.352,2.5896,0.042633,0.044566,157.14,183.46,0.971,1.566,1463,1967.8,0.789,0.306,1.3283e+05,1.0001e+05,0.0021221,1.1701,3.1691,5.169,7.1689,9.168,11.166,13.161,15.154,17.142,0.0057353,1.5168,3.5159,5.5158,7.5156,9.5145,11.512,13.506,15.497,17.484,-1.351,-1.4091,-1.4695,-1.4909,-1.4733,-1.4168,-1.3213,-1.187,-1.0138,-0.80174,3.6511,3.5774,3.521,3.5056,3.5312,3.5977,3.7051,3.8534,4.0426,4.2725,0,0,0,0,0,0,0,0,0,0,0,0
6.36,-0.012249,0.2124,19.356,2.5981,0.041963,0.043215,156.49,183.87,0.971,1.566,1463,1967.8,0.789,0.306,1.3278e+05,1.0003e+05,0.0021678,0.38399,2.3824,4.382,6.382,8.3816,10.38,12.377,14.37,16.361,0.0056947,0.77357,2.7722,4.7719,6.7718,8.7712,10.769,12.765,14.757,16.746,-1.38,-1.4023,-1.4799,-1.5185,-1.5181,-1.4787,-1.4004,-1.2832,-1.1271,-0.93219,3.6253,3.5812,3.5076,3.475,3.4834,3.5328,3.6231,3.7543,3.9263,4.1392,0,0,0,0,0,0,0,0,0,0,0,0
6.4,-0.011784,0.20783,19.36,2.6065,0.041508,0.043215,155.83,184.28,0.971,1.566,1463,1967.8,0.789,0.306,1.3274e+05,1.0004e+05,0.0022123,1.5958,3.595,5.5949,7.5948,9.5938,11.591,13.586,15.578,17.566,0.0056433,0.029556,2.0275,4.0268,6.0268,8.0265,10.025,12.022,14.016,16.006,-1.4084,-1.4837,-1.539,-1.5554,-1.5329,-1.4713,-1.3709,-1.2316,-1.0533,-0.83625,3.5925,3.591,3.5006,3.4512,3.4428,3.4754,3.5489,3.6633,3.8186,4.0148,0,0,0,0,0,0,0,0,0,0,0,0
6.44,-0.011335,0.20357,19.365,2.6148,0.041111,0.042271,155.16,184.68,0.971,1.566,1463,1967.8,0.789,0.306,1.3272e+05,1.0004e+05,0.0022562,0.80928,2.808,4.8076,6.8076,8.8071,10.805,12.801,14.795,16.785,0.0056046,1.2819,3.2808,5.2806,7.2805,9.2797,11.277,13.272,15.264,17.252,-1.4363,-1.4811,-1.5529,-1.5857,-1.5796,-1.5345,-1.4505,-1.3276,-1.1657,-0.96499,3.5679,3.4997,3.4338,3.409,3.4251,3.4822,3.5802,3.7191,3.8989,4.1195,0,0,0,0,0,0,0,0,0,0,0,0
6.48,-0.010885,0.20002,19.369,2.6228,0.040691,0.04161,154.5,185.07,0.971,1.566,1463,1967.8,0.789,0.306,1.327e+05,1.0004e+05,0.0023108,0.022821,2.0208,4.0202,6.0202,8.0199,10.019,12.016,14.01,16.002,0.0055563,0.5357,2.534,4.5335,6.5335,8.533,10.531,12.528,14.521,16.51,-1.4711,-1.4724,-1.5603,-1.6093,-1.6193,-1.5904,-1.5225,-1.4157,-1.2699,-1.0853,3.5371,3.5045,3.4225,3.3816,3.3815,3.4225,3.5043,3.6271,3.7908,3.9955,0,0,0,0,0,0,0,0,0,0,0,0
6.52,-0.01045,0.19714,19.374,2.6308,0.04023,0.041068,153.83,185.46,0.971,1.566,1463,1967.8,0.789,0.306,1.3269e+05,1.0002e+05,0.0023525,1.2337,3.2326,5.2324,7.2324,9.2317,11.23,13.225,15.218,17.207,0.0055047,1.7864,3.7856,5.7855,7.7853,9.7842,11.781,13.776,15.767,17.754,-1.4976,-1.5616,-1.6265,-1.6524,-1.6394,-1.5873,-1.4964,-1.3665,-1.1976,-0.98988,3.5043,3.4171,3.3602,3.3443,3.3694,3.4354,3.5423,3.6902,3.879,4.1086,0,0,0,0,0,0,0,0,0,0,0,0
6.56,-0.010042,0.1948,19.379,2.6386,0.039742,0.040524,153.15,185.84,0.971,1.566,1463,1967.8,0.789,0.306,1.3267e+05,1e+05,0.0024041,0.44658,2.4449,4.4445,6.4444,8.4441,10.443,12.439,14.433,16.424,0.0054603,1.0383,3.037,5.0367,7.0366,9.036,11.034,13.029,15.022,17.01,-1.5304,-1.557,-1.6375,-1.6791,-1.6817,-1.6454,-1.5701,-1.4558,-1.3026,-1.1104,3.4761,3.4174,3.3448,3.3132,3.3226,3.3729,3.4642,3.5965,3.7697,3.9837,0,0,0,0,0,0,0,0,0,0,0,0
6.6,-0.009676,0.19285,19.384,2.6464,0.039282,0.040524,152.48,186.22,0.971,1.566,1463,1967.8,0.789,0.306,1.3266e+05,99983,0.0024553,1.6571,3.6563,5.6561,7.656,9.6551,11.653,13.648,15.64,17.628,0.0054061,0.28976,2.2878,4.2872,6.2872,8.2868,10.285,12.282,14.276,16.266,-1.563,-1.6426,-1.6996,-1.7178,-1.6969,-1.6371,-1.5383,-1.4005,-1.2238,-1.0082,3.4415,3.4232,3.3352,3.2881,3.2819,3.3168,3.3926,3.5094,3.6671,3.8658,0,0,0,0,0,0,0,0,0,0,0,0
6.64,-0.0093649,0.19096,19.388,2.654,0.038873,0.039943,151.8,186.59,0.971,1.566,1463,1967.8,0.789,0.306,1.3267e+05,99964,0.002503,0.8692,2.8679,4.8675,6.8675,8.867,10.865,12.861,14.855,16.845,0.0053572,1.5381,3.5371,5.5369,7.5368,9.5358,11.533,13.528,15.52,17.507,-1.5934,-1.6417,-1.7141,-1.7476,-1.7421,-1.6976,-1.6141,-1.4917,-1.3302,-1.1299,3.4104,3.3311,3.2687,3.2472,3.2667,3.3272,3.4286,3.5711,3.7545,3.9787,0,0,0,0,0,0,0,0,0,0,0,0
6.68,-0.0090954,0.18922,19.393,2.6616,0.038504,0.03935,151.11,186.96,0.971,1.566,1463,1967.8,0.789,0.306,1.3268e+05,99949,0.0025605,0.081246,2.0793,4.0787,6.0786,8.0784,10.077,12.074,14.069,16.06,0.005308,0.78796,2.7864,4.786,6.786,8.7855,10.784,12.779,14.772,16.761,-1.63,-1.635,-1.7226,-1.7713,-1.781,-1.7517,-1.6835,-1.5762,-1.4299,-1.2447,3.3791,3.3326,3.255,3.2183,3.2226,3.2679,3.3542,3.4815,3.6497,3.8588,0,0,0,0,0,0,0,0,0,0,0,0
6.72,-0.0088596,0.18761,19.398,2.6692,0.038178,0.038813,150.43,187.32,0.971,1.566,1463,1967.8,0.789,0.306,1.3269e+05,99936,0.0026062,1.2906,3.2896,5.2894,7.2893,9.2886,11.286,13.282,15.275,17.264,0.0052495,0.037443,2.0353,4.0345,6.0345,8.0342,10.033,12.03,14.024,16.014,-1.6591,-1.7253,-1.789,-1.8138,-1.7996,-1.7464,-1.6542,-1.5229,-1.3528,-1.1438,3.3418,3.3397,3.247,3.1952,3.1844,3.2146,3.2859,3.3981,3.5513,3.7454,0,0,0,0,0,0,0,0,0,0,0,0
6.76,-0.0086498,0.18614,19.403,2.6766,0.037901,0.03837,149.74,187.68,0.971,1.566,1463,1967.8,0.789,0.306,1.327e+05,99927,0.002659,0.50184,2.5003,4.4998,6.4998,8.4994,10.498,12.494,14.488,16.479,0.0052048,1.2837,3.2825,5.2823,7.2822,9.2814,11.279,13.274,15.266,17.254,-1.6927,-1.7221,-1.8008,-1.8405,-1.8413,-1.803,-1.7257,-1.6094,-1.4541,-1.26,3.3134,3.2445,3.1778,3.1521,3.1673,3.2236,3.3209,3.4592,3.6384,3.8584,0,0,0,0,0,0,0,0,0,0,0,0
6.8,-0.0084653,0.18476,19.408,2.6841,0.037688,0.03837,149.04,188.03,0.971,1.566,1463,1967.8,0.789,0.306,1.3272e+05,99917,0.0027126,1.7108,3.71,5.7099,7.7098,9.7088,11.706,13.701,15.693,17.681,0.005152,0.53168,2.53,4.5295,6.5295,8.529,10.527,12.523,14.517,16.506,-1.7268,-1.8068,-1.8613,-1.8769,-1.8534,-1.791,-1.6894,-1.549,-1.3696,-1.1515,3.2798,3.2475,3.166,3.1254,3.1258,3.1673,3.2498,3.3733,3.5377,3.7429,0,0,0,0,0,0,0,0,0,0,0,0
6.84,-0.0083056,0.18346,19.412,2.6914,0.037492,0.038019,148.35,188.38,0.971,1.566,1463,1967.8,0.789,0.306,1.3274e+05,99906,0.0027603,0.92125,2.92,4.9198,6.9197,8.9191,10.917,12.913,14.906,16.896,0.0050974,1.777,3.7762,5.7761,7.7759,9.7747,11.772,13.766,15.757,17.744,-1.7572,-1.807,-1.8762,-1.9065,-1.8978,-1.85,-1.7632,-1.6374,-1.4727,-1.2693,3.245,3.1596,3.1044,3.0901,3.1168,3.1846,3.2935,3.4432,3.6338,3.865,0,0,0,0,0,0,0,0,0,0,0,0
6.88,-0.0081628,0.18233,19.417,2.6987,0.037294,0.037723,147.65,188.72,0.971,1.566,1463,1967.8,0.789,0.306,1.3277e+05,99892,0.0028174,0.1316,2.1298,4.1293,6.1292,8.1289,10.128,12.124,14.119,16.11,0.0050508,1.0237,3.0225,5.0222,7.0221,9.0214,11.019,13.015,15.007,16.995,-1.7936,-1.8015,-1.8854,-1.9303,-1.9362,-1.903,-1.8308,-1.7196,-1.5695,-1.3806,3.2153,3.1588,3.0889,3.06,3.0721,3.1253,3.2195,3.3546,3.5306,3.7474,0,0,0,0,0,0,0,0,0,0,0,0
6.92,-0.0080368,0.18135,19.421,2.706,0.037097,0.037456,146.95,189.05,0.971,1.566,1463,1967.8,0.789,0.306,1.328e+05,99875,0.0028636,1.3395,3.3385,5.3384,7.3383,9.3374,11.335,13.33,15.323,17.311,0.0049952,0.27011,2.2683,4.2678,6.2677,8.2673,10.266,12.262,14.255,16.245,-1.823,-1.8888,-1.9483,-1.9687,-1.9501,-1.8924,-1.7958,-1.6602,-1.4857,-1.2725,3.18,3.1633,3.0789,3.0354,3.033,3.0716,3.1513,3.272,3.4335,3.6358,0,0,0,0,0,0,0,0,0,0,0,0
6.96,-0.0079262,0.18051,19.426,2.7132,0.036921,0.037207,146.25,189.38,0.971,1.566,1463,1967.8,0.789,0.306,1.3282e+05,99857,0.002915,0.54899,2.5476,4.5473,6.5472,8.5467,10.545,12.541,14.535,16.525,0.0049466,1.5138,3.5129,5.5128,7.5126,9.5115,11.509,13.503,15.494,17.481,-1.8557,-1.8866,-1.9605,-1.9954,-1.9913,-1.948,-1.8658,-1.7447,-1.5847,-1.3858,3.149,3.0743,3.0164,2.9995,3.0237,3.0889,3.1951,3.3422,3.5301,3.7587,0,0,0,0,0,0,0,0,0,0,0,0
7,-0.0078342,0.17974,19.43,2.7203,0.037207,0.037207,145.56,189.7,0.971,1.566,1463,1967.8,0.789,0.306,1.3284e+05,99838,0.002915,0.54899,2.5476,4.5473,6.5472,8.5467,10.545,12.541,14.535,16.525,0.0049466,1.5138,3.5129,5.5128,7.5126,9.5115,11.509,13.503,15.494,17.481,-1.8557,-1.8866,-1.9605,-1.9954,-1.9913,-1.948,-1.8658,-1.7447,-1.5847,-1.3858,3.149,3.0743,3.0164,2.9995,3.0237,3.0889,3.1951,3.3422,3.5301,3.7587,0,0,0,0,0,0,0,0,0,0,0,0
