0.04,6.1534e-05,0.0018183,13.881,1.3133,0.036948,0,197.12,76.137,0.971,1.566,1463,1967.8,0.789,0.306,1.3507e+05,98224,0.0039146,1.2942,3.2929,5.2898,7.2841,9.2752,11.262,13.244,15.221,17.191,0.0039409,1.261,3.2596,5.2562,7.25,9.2402,11.226,13.206,15.181,17.148,-2.4921,-2.4709,-2.3991,-2.2882,-2.1384,-1.9496,-1.7221,-1.4559,-1.1512,-0.80792,2.5088,2.53,2.6048,2.7207,2.8775,3.0752,3.3137,3.5927,3.9123,4.2723,0,0,0,0,0,0,0,0,0,0,0,0
0.08,0.003159,0.043577,13.87,1.314,0.039173,0.034034,197.26,76.674,0.971,1.566,1463,1967.8,0.789,0.306,1.3503e+05,97319,0.0039034,0.83579,2.8345,4.8314,6.8258,8.8168,10.804,12.786,14.763,16.733,0.0039524,0.8036,2.8022,4.7988,6.7926,8.7828,10.769,12.749,14.723,16.691,-2.4849,-2.4715,-2.4,-2.2895,-2.1401,-1.9517,-1.7246,-1.4588,-1.1544,-0.81155,2.5161,2.5294,2.6039,2.7194,2.8758,3.0731,3.3112,3.5899,3.9091,4.2687,0,0,0,0,0,0,0,0,0,0,0,0
0.12,0.0046658,0.089538,13.859,1.3168,0.035964,0.035323,197.4,77.211,0.971,1.566,1463,1967.8,0.789,0.306,1.3432e+05,96496,0.0038964,0.37447,2.3733,4.3703,6.3649,8.3563,10.344,12.326,14.303,16.274,0.0039595,0.3498,2.3485,4.3453,6.3394,8.3299,10.316,12.297,14.272,16.24,-2.4805,-2.475,-2.4066,-2.2991,-2.1526,-1.9673,-1.7431,-1.4803,-1.1789,-0.83896,2.5206,2.5259,2.5973,2.7098,2.8633,3.0576,3.2927,3.5684,3.8846,4.2413,0,0,0,0,0,0,0,0,0,0,0,0
0.16,0.0048787,0.12116,13.849,1.321,0.030059,0.038065,197.53,77.749,0.971,1.566,1463,1967.8,0.789,0.306,1.3479e+05,96959,0.0038893,1.9093,3.9066,5.9016,7.8935,9.8815,11.865,13.843,15.815,17.779,0.0039671,1.8984,3.8955,5.89,7.881,9.8677,11.849,13.825,15.794,17.755,-2.476,-2.416,-2.314,-2.1731,-1.9932,-1.7746,-1.5173,-1.2213,-0.88687,-0.514,2.5254,2.5879,2.6949,2.8428,3.0316,3.2612,3.5314,3.8422,4.1934,4.585,0,0,0,0,0,0,0,0,0,0,0,0
0.2,0.0048351,0.14317,13.839,1.3264,0.02581,0.038065,197.67,78.286,0.971,1.566,1463,1967.8,0.789,0.306,1.3515e+05,97527,0.0038592,0.97574,2.9739,4.9699,6.9632,8.9529,10.938,12.919,14.893,16.861,0.0039972,1.0055,3.0034,4.9991,6.9916,8.9801,10.964,12.942,14.914,16.878,-2.4567,-2.4341,-2.3483,-2.2236,-2.0599,-1.8574,-1.6162,-1.3364,-1.0179,-0.66104,2.5446,2.5695,2.6603,2.792,2.9646,3.1781,3.4322,3.7269,4.0621,4.4377,0,0,0,0,0,0,0,0,0,0,0,0
0.24,0.003823,0.14506,13.83,1.3322,0.024542,0.031539,197.8,78.824,0.971,1.566,1463,1967.8,0.789,0.306,1.3554e+05,98146,0.0038477,0.50761,2.5061,4.5028,6.4968,8.4874,10.474,12.456,14.431,16.401,0.0040087,0.56126,2.5596,4.5558,6.5491,8.5386,10.524,12.503,14.476,16.442,-2.4495,-2.4401,-2.3639,-2.2487,-2.0945,-1.9015,-1.6697,-1.3993,-1.0903,-0.74281,2.5519,2.5631,2.6444,2.7666,2.9297,3.1337,3.3783,3.6636,3.9894,4.3556,0,0,0,0,0,0,0,0,0,0,0,0
0.28,0.0029431,0.13718,13.822,1.3378,0.025121,0.026288,197.92,79.362,0.971,1.566,1463,1967.8,0.789,0.306,1.3553e+05,98553,0.0038386,0.039682,2.0385,4.0357,6.0304,8.022,10.01,11.992,13.97,15.941,0.0040182,0.11718,2.1159,4.1126,6.1067,8.0972,10.083,12.064,14.039,16.007,-2.4436,-2.4431,-2.3764,-2.2707,-2.1261,-1.9425,-1.7203,-1.4593,-1.1597,-0.82157,2.558,2.5597,2.6314,2.7441,2.8978,3.0922,3.3274,3.6033,3.9197,4.2765,0,0,0,0,0,0,0,0,0,0,0,0
0.32,0.0026145,0.12737,13.815,1.3431,0.026685,0.025035,198.05,79.901,0.971,1.566,1463,1967.8,0.789,0.306,1.3541e+05,98573,0.0038185,1.5717,3.5693,5.5647,7.557,9.5456,11.53,13.508,15.481,17.447,0.0040363,1.6717,3.669,5.6637,7.655,9.6422,11.624,13.6,15.57,17.532,-2.4308,-2.3856,-2.289,-2.1533,-1.9788,-1.7656,-1.5136,-1.2229,-0.89375,-0.52609,2.5695,2.6218,2.7255,2.8701,3.0555,3.2817,3.5486,3.856,4.204,4.5923,0,0,0,0,0,0,0,0,0,0,0,0
0.36,0.0027191,0.11963,13.808,1.348,0.028528,0.025856,198.17,80.44,0.971,1.566,1463,1967.8,0.789,0.306,1.3521e+05,98277,0.0038,1.1056,3.1037,5.0996,7.0926,9.0821,11.067,13.047,15.021,16.989,0.0040556,1.227,3.2247,5.22,7.2121,9.2002,11.183,13.161,15.132,17.095,-2.4191,-2.392,-2.3039,-2.1767,-2.0107,-1.8059,-1.5624,-1.2802,-0.95943,-0.60016,2.5818,2.6149,2.7101,2.8462,3.0231,3.2409,3.4993,3.7983,4.1378,4.5178,0,0,0,0,0,0,0,0,0,0,0,0
0.4,0.003096,0.11578,13.801,1.3527,0.030183,0.025856,198.29,80.979,0.971,1.566,1463,1967.8,0.789,0.306,1.3503e+05,98011,0.0037719,0.17556,2.1742,4.1711,6.1654,8.1564,10.143,12.125,14.102,16.072,0.004086,0.3365,2.3349,4.3312,6.3247,8.3144,10.3,12.279,14.253,16.219,-2.4012,-2.3983,-2.326,-2.2146,-2.0644,-1.8753,-1.6475,-1.3809,-1.0758,-0.73206,2.6011,2.6075,2.6869,2.8072,2.9684,3.1704,3.4132,3.6965,4.0205,4.3849,0,0,0,0,0,0,0,0,0,0,0,0
0.44,0.0036941,0.11703,13.794,1.3574,0.031527,0.027964,198.41,81.518,0.971,1.566,1463,1967.8,0.789,0.306,1.3485e+05,97969,0.0037535,1.71,3.7073,5.7021,7.6939,9.6817,11.665,13.643,15.614,17.579,0.0041004,1.8899,3.8866,5.8807,7.8712,9.8573,11.838,13.813,15.781,17.741,-2.3895,-2.3343,-2.2306,-2.088,-1.9065,-1.6863,-1.4273,-1.1298,-0.79358,-0.41895,2.6103,2.678,2.7906,2.9442,3.1386,3.3737,3.6495,3.9659,4.3228,4.7201,0,0,0,0,0,0,0,0,0,0,0,0
0.48,0.0042545,0.12101,13.788,1.3621,0.032773,0.030006,198.52,82.058,0.971,1.566,1463,1967.8,0.789,0.306,1.3471e+05,97999,0.0037331,1.2458,3.2435,5.2389,7.2313,9.2199,11.204,13.183,15.156,17.122,0.0041224,1.4451,3.4423,5.4369,7.4282,9.4151,11.397,13.373,15.342,17.304,-2.3765,-2.3411,-2.2451,-2.1102,-1.9365,-1.724,-1.4727,-1.1828,-0.85425,-0.48723,2.6243,2.6704,2.7754,2.9212,3.1079,3.3353,3.6035,3.9122,4.2615,4.6511,0,0,0,0,0,0,0,0,0,0,0,0
0.52,0.0046878,0.12629,13.782,1.3671,0.033976,0.031726,198.63,82.599,0.971,1.566,1463,1967.8,0.789,0.306,1.346e+05,98056,0.0037159,0.78149,2.7795,4.7755,6.7685,8.758,10.743,12.723,14.697,16.665,0.0041412,1.0007,2.9983,4.9935,6.9855,8.9734,10.956,12.934,14.904,16.867,-2.3655,-2.3465,-2.2585,-2.1315,-1.9657,-1.7611,-1.5178,-1.2357,-0.91506,-0.55588,2.6363,2.6642,2.7612,2.8991,3.0778,3.2974,3.5576,3.8585,4.1999,4.5817,0,0,0,0,0,0,0,0,0,0,0,0
0.56,0.0049844,0.13197,13.777,1.3723,0.035116,0.033266,198.74,83.139,0.971,1.566,1463,1967.8,0.789,0.306,1.3452e+05,98094,0.0037019,0.31699,2.3154,4.3118,6.3056,8.2959,10.282,12.263,14.238,16.207,0.0041568,0.55687,2.5549,4.5506,6.5433,8.5321,10.516,12.495,14.467,16.431,-2.3566,-2.3503,-2.2705,-2.1518,-1.9942,-1.7978,-1.5626,-1.2887,-0.97619,-0.62512,2.6462,2.6594,2.7482,2.8779,3.0484,3.2598,3.5118,3.8045,4.1379,4.5116,0,0,0,0,0,0,0,0,0,0,0,0
0.6,0.0051919,0.13784,13.772,1.3777,0.03612,0.033266,198.84,83.68,0.971,1.566,1463,1967.8,0.789,0.306,1.3445e+05,98150,0.0036651,1.3863,3.3837,5.3787,7.3706,9.3587,11.342,13.32,15.292,17.257,0.0041892,1.6695,3.6663,5.6604,7.651,9.6371,11.618,13.593,15.561,17.521,-2.3332,-2.2901,-2.1888,-2.0486,-1.8696,-1.6517,-1.3951,-1.0998,-0.76595,-0.39364,2.6669,2.7263,2.8386,2.9917,3.1857,3.4204,3.6959,4.012,4.3686,4.7654,0,0,0,0,0,0,0,0,0,0,0,0
0.64,0.0053582,0.14391,13.767,1.3833,0.036999,0.034704,198.94,84.221,0.971,1.566,1463,1967.8,0.789,0.306,1.3438e+05,98223,0.003647,0.92131,2.9192,4.9148,6.9076,8.8966,10.881,12.861,14.834,16.801,0.0042094,1.2277,3.225,5.2198,7.2112,9.1984,11.181,13.157,15.126,17.088,-2.3217,-2.2973,-2.2052,-2.0742,-1.9043,-1.6956,-1.4482,-1.162,-0.83717,-0.4739,2.6797,2.7177,2.8208,2.9648,3.1496,3.3752,3.6415,3.9485,4.296,4.6839,0,0,0,0,0,0,0,0,0,0,0,0
0.68,0.0054558,0.1495,13.762,1.3892,0.037759,0.03601,199.04,84.763,0.971,1.566,1463,1967.8,0.789,0.306,1.3433e+05,98306,0.0036324,0.45609,2.4544,4.4506,6.4442,8.4342,10.42,12.401,14.376,16.344,0.0042262,0.78633,2.7841,4.7795,6.7718,8.7601,10.743,12.721,14.692,16.656,-2.3124,-2.3025,-2.2199,-2.0984,-1.938,-1.7388,-1.5008,-1.224,-0.90864,-0.55474,2.6904,2.711,2.8045,2.939,3.1143,3.3305,3.5874,3.885,4.2231,4.6016,0,0,0,0,0,0,0,0,0,0,0,0
0.72,0.005501,0.15448,13.758,1.3952,0.038386,0.037129,199.14,85.305,0.971,1.566,1463,1967.8,0.789,0.306,1.343e+05,98390,0.003621,1.9893,3.9861,5.9804,7.9714,9.9583,11.94,13.917,15.887,17.85,0.0042395,0.3455,2.3437,4.3398,6.3329,8.3222,10.307,12.286,14.259,16.224,-2.3051,-2.2328,-2.1211,-1.9705,-1.7811,-1.5529,-1.2858,-0.98013,-0.63591,-0.25333,2.6989,2.7062,2.7899,2.9146,3.0801,3.2865,3.5336,3.8215,4.15,4.5188,0,0,0,0,0,0,0,0,0,0,0,0
0.76,0.0055129,0.15881,13.754,1.4015,0.038862,0.038024,199.23,85.848,0.971,1.566,1463,1967.8,0.789,0.306,1.3428e+05,98468,0.0035815,1.0584,3.0563,5.052,7.0448,9.034,11.019,12.998,14.972,16.939,0.004273,1.4642,3.4614,5.4561,7.4474,9.4345,11.416,13.393,15.362,17.324,-2.28,-2.2524,-2.1611,-2.0309,-1.8618,-1.6539,-1.4072,-1.1217,-0.79767,-0.43519,2.7202,2.7664,2.8707,3.0158,3.2018,3.4287,3.6963,4.0045,4.3532,4.7422,0,0,0,0,0,0,0,0,0,0,0,0
0.8,0.0055232,0.1626,13.75,1.408,0.039168,0.038024,199.31,86.391,0.971,1.566,1463,1967.8,0.789,0.306,1.3428e+05,98536,0.0035674,0.59266,2.591,4.5874,6.5811,8.5713,10.557,12.538,14.513,16.482,0.0042898,1.025,3.0228,5.0182,7.0105,8.9987,10.982,12.96,14.931,16.895,-2.271,-2.2587,-2.178,-2.0584,-1.8999,-1.7025,-1.4663,-1.1913,-0.87769,-0.52563,2.7309,2.7578,2.8515,2.9861,3.1615,3.3779,3.635,3.9328,4.271,4.6496,0,0,0,0,0,0,0,0,0,0,0,0
0.84,0.0055421,0.16588,13.747,1.4145,0.039352,0.038685,199.4,86.934,0.971,1.566,1463,1967.8,0.789,0.306,1.3426e+05,98596,0.0035572,0.12678,2.1255,4.1225,6.117,8.1083,10.095,12.078,14.055,16.025,0.004303,0.58618,2.5844,4.5806,6.5737,8.5631,10.548,12.527,14.5,16.466,-2.2645,-2.2626,-2.1927,-2.0838,-1.9361,-1.7494,-1.5239,-1.2596,-0.95664,-0.6152,2.7393,2.7515,2.8344,2.9582,3.1229,3.3285,3.575,3.8621,4.1897,4.5577,0,0,0,0,0,0,0,0,0,0,0,0
0.88,0.0055494,0.16842,13.744,1.4212,0.039439,0.039125,199.48,87.478,0.971,1.566,1463,1967.8,0.789,0.306,1.3425e+05,98649,0.0035405,1.6599,3.6575,5.6527,7.645,9.6334,11.617,13.596,15.568,17.534,0.0043124,0.14764,2.1463,4.1431,6.1371,8.1276,10.114,12.094,14.069,16.037,-2.2539,-2.205,-2.1071,-1.9702,-1.7945,-1.5798,-1.3264,-1.0343,-0.70362,-0.3346,2.7453,2.7475,2.8195,2.9324,3.0862,3.2809,3.5164,3.7927,4.1095,4.4668,0,0,0,0,0,0,0,0,0,0,0,0
0.92,0.0055515,0.17029,13.741,1.428,0.039437,0.039367,199.56,88.023,0.971,1.566,1463,1967.8,0.789,0.306,1.3424e+05,98695,0.0035239,1.1941,3.1922,5.1882,7.1814,9.171,11.156,13.136,15.111,17.078,0.0043276,1.7084,3.7058,5.7006,7.6922,9.6795,11.662,13.638,15.608,17.57,-2.2433,-2.2148,-2.128,-2.0022,-1.8375,-1.6339,-1.3914,-1.1103,-0.79059,-0.43247,2.7549,2.8068,2.9087,3.0514,3.2351,3.4596,3.7249,4.0308,4.3771,4.7637,1,1,0,0,20.74,20.74,0,0,1.5169,1.5169,0,0
0.96,0.0055554,0.17159,13.739,1.4348,0.039351,0.03944,199.63,88.567,0.971,1.566,1463,1967.8,0.789,0.306,1.3422e+05,98732,0.003503,0.26235,2.2613,4.2586,6.2535,8.2452,10.233,12.216,14.194,16.165,0.0043558,0.83307,2.8315,4.8278,6.8213,8.811,10.796,12.776,14.749,16.716,-2.23,-2.2267,-2.1623,-2.059,-1.9167,-1.7355,-1.5154,-1.2565,-0.95901,-0.62303,2.7729,2.7888,2.8682,2.9885,3.1497,3.3519,3.5949,3.8786,4.2027,4.5672,1,1,0,0,20.2,20.2,0,0,1.374,1.374,0,0
1,0.0055637,0.1724,13.737,1.4417,0.039203,0.03944,199.7,89.112,0.971,1.566,1463,1967.8,0.789,0.306,1.342e+05,98765,0.0034923,1.7957,3.7935,5.7892,7.782,9.771,11.756,13.735,15.708,17.675,0.0043641,0.39559,2.3944,4.3914,6.3857,8.3766,10.363,12.344,14.32,16.288,-2.2232,-2.1756,-2.0836,-1.9527,-1.7827,-1.5739,-1.3263,-1.04,-0.71523,-0.35205,2.7782,2.7835,2.8515,2.9605,3.1105,3.3014,3.5331,3.8055,4.1185,4.4718,1,1,0,0,19.66,19.66,0,0,1.2338,1.2338,0,0
1.04,0.0055692,0.17273,13.735,1.4486,0.03902,0.039374,199.76,89.658,0.971,1.566,1463,1967.8,0.789,0.306,1.3417e+05,98796,0.0034778,1.33,3.3284,5.3248,7.3184,9.3086,11.295,13.276,15.251,17.22,0.0043701,1.9574,3.9549,5.9501,7.942,9.9298,11.913,13.89,15.86,17.823,-2.214,-2.1863,-2.1057,-1.9861,-1.8275,-1.63,-1.3936,-1.1186,-0.8051,-0.45312,2.782,2.8374,2.935,3.0736,3.2531,3.4736,3.7347,4.0364,4.3785,4.761,1,1,0,0,19.118,19.118,0,0,1.0969,1.0969,0,0
1.08,0.005573,0.17267,13.733,1.4555,0.038807,0.039209,199.83,90.204,0.971,1.566,1463,1967.8,0.789,0.306,1.3414e+05,98825,0.0034674,0.86438,2.8632,4.8602,6.8547,8.846,10.833,12.816,14.793,16.764,0.0043848,1.5203,3.5184,5.5143,7.5072,9.4962,11.481,13.459,15.432,17.397,-2.2073,-2.1943,-2.1251,-2.0168,-1.8696,-1.6835,-1.4585,-1.1948,-0.89246,-0.5517,2.7914,2.8257,2.9119,3.0391,3.2074,3.4164,3.6663,3.9567,4.2876,4.6589,1,1,0,0,18.576,18.576,0,0,0.96344,0.96344,0,0
1.12,0.0055779,0.17231,13.732,1.4624,0.038561,0.038977,199.89,90.75,0.971,1.566,1463,1967.8,0.789,0.306,1.3411e+05,98854,0.0034612,0.39873,2.3979,4.3955,6.3908,8.3831,10.372,12.356,14.334,16.307,0.0043956,1.0833,3.0818,5.0784,7.0723,9.0624,11.048,13.028,15.003,16.97,-2.2034,-2.1996,-2.1418,-2.0449,-1.9091,-1.7343,-1.5206,-1.2682,-0.97718,-0.64766,2.7983,2.8165,2.8914,3.0072,3.1641,3.3618,3.6003,3.8795,4.1992,4.5592,1,1,0,0,18.033,18.033,0,0,0.83382,0.83382,0,0
1.16,0.0055855,0.17176,13.73,1.4693,0.038294,0.038698,199.94,91.296,0.971,1.566,1463,1967.8,0.789,0.306,1.3406e+05,98870,0.0034447,1.4672,3.4658,5.4626,7.4567,9.4475,11.434,13.416,15.392,17.362,0.0044056,0.20909,2.2084,4.2062,6.2016,8.1939,10.182,12.166,14.143,16.115,-2.1929,-2.1672,-2.0931,-1.9799,-1.8277,-1.6367,-1.4069,-1.1384,-0.8313,-0.48577,2.8046,2.8058,2.8579,2.951,3.0852,3.2603,3.4762,3.7329,4.03,4.3677,1,1,0,0,17.488,17.488,0,0,0.70822,0.70822,0,0
1.2,0.0055898,0.17102,13.73,1.4762,0.038034,0.038698,199.99,91.843,0.971,1.566,1463,1967.8,0.789,0.306,1.3402e+05,98890,0.0034366,1.0019,3.0008,4.9982,6.9932,8.9851,10.973,12.956,14.934,16.906,0.0044123,1.7715,3.7698,5.766,7.7592,9.7487,11.734,13.713,15.686,17.652,-2.1877,-2.1759,-2.113,-2.0112,-1.8703,-1.6906,-1.472,-1.2147,-0.91881,-0.58444,2.8089,2.8449,2.9268,3.0496,3.2135,3.4181,3.6635,3.9495,4.276,4.6429,1,1,0,0,16.944,16.944,0,0,0.5868,0.5868,0,0
1.24,0.0055838,0.17005,13.729,1.483,0.037776,0.038387,200.04,92.39,0.971,1.566,1463,1967.8,0.789,0.306,1.3398e+05,98926,0.0034326,0.53656,2.5359,4.5338,6.5295,8.5224,10.512,12.496,14.476,16.45,0.0044217,1.3345,3.3332,5.3301,7.3242,9.3148,11.301,13.282,15.257,17.225,-2.1852,-2.1819,-2.1303,-2.0398,-1.9101,-1.7416,-1.5342,-1.2881,-1.0034,-0.68017,2.8149,2.8345,2.9051,3.0167,3.1693,3.3627,3.5969,3.8717,4.1871,4.5429,1,1,0,0,16.398,16.398,0,0,0.46963,0.46963,0,0
1.28,0.0055772,0.16899,13.729,1.4898,0.037509,0.038057,200.08,92.938,0.971,1.566,1463,1967.8,0.789,0.306,1.3394e+05,98970,0.0034328,0.071293,2.0709,4.0692,6.0657,8.0595,10.05,12.036,14.017,15.993,0.0044273,0.89738,2.8965,4.8939,6.8889,8.8805,10.868,12.851,14.827,16.797,-2.1853,-2.1853,-2.1449,-2.0656,-1.9472,-1.7898,-1.5936,-1.3587,-1.0851,-0.7729,2.8184,2.8266,2.8859,2.9863,3.1277,3.31,3.533,3.7967,4.101,4.4457,1,1,0,0,15.851,15.851,0,0,0.35678,0.35678,0,0
1.32,0.0055719,0.1679,13.728,1.4965,0.03723,0.037718,200.12,93.486,0.971,1.566,1463,1967.8,0.789,0.306,1.339e+05,99016,0.0034189,1.1408,3.14,5.1376,7.133,9.1254,11.114,13.098,15.077,17.05,0.0044269,0.022843,2.0225,4.0209,6.0173,8.0109,10.001,11.986,13.966,15.94,-2.1764,-2.1662,-2.1091,-2.0129,-1.8778,-1.7038,-1.491,-1.2395,-0.94935,-0.62069,2.8182,2.8181,2.8552,2.9333,3.0525,3.2125,3.4134,3.655,3.9372,4.26,1,1,0,0,15.304,15.304,0,0,0.24829,0.24829,0,0
1.36,0.0055688,0.16678,13.729,1.5032,0.036949,0.037373,200.16,94.034,0.971,1.566,1463,1967.8,0.789,0.306,1.3387e+05,99060,0.0034169,0.67585,2.6753,4.6734,6.6696,8.6629,10.653,12.638,14.618,16.593,0.0044345,1.5852,3.5841,5.5811,7.5755,9.5664,11.553,13.535,15.51,17.479,-2.1752,-2.1729,-2.1268,-2.0417,-1.9176,-1.7546,-1.5528,-1.3123,-1.0331,-0.71531,2.823,2.8436,2.9107,3.0188,3.1678,3.3577,3.5883,3.8596,4.1714,4.5237,1,1,0,0,14.756,14.756,0,0,0.14416,0.14416,0,0
1.4,0.0055613,0.16562,13.729,1.5098,0.036695,0.037373,200.19,94.582,0.971,1.566,1463,1967.8,0.789,0.306,1.3383e+05,99101,0.003419,0.2109,2.2106,4.2092,6.2059,8.2001,10.191,12.178,14.16,16.136,0.0044389,1.1478,3.147,5.1446,7.1398,9.1317,11.12,13.103,15.08,17.05,-2.1766,-2.177,-2.1419,-2.0678,-1.9546,-1.8026,-1.6117,-1.3821,-1.1138,-0.80687,2.8258,2.8344,2.8905,2.9877,3.1258,3.3047,3.5244,3.7848,4.0858,4.4272,1,1,0,0,14.208,14.208,0,0,0.04439,0.04439,0,0
1.44,0.0055438,0.16436,13.729,1.5164,0.036447,0.037032,200.22,95.13,0.971,1.566,1463,1967.8,0.789,0.306,1.3381e+05,99137,0.0034172,1.7458,3.7448,5.7421,7.7371,9.729,11.717,13.7,15.678,17.65,0.0044396,0.71029,2.7097,4.7078,6.7038,8.6967,10.686,12.67,14.649,16.621,-2.1754,-2.1544,-2.0912,-1.9889,-1.8478,-1.6678,-1.449,-1.1915,-0.89542,-0.56077,2.8262,2.8277,2.8729,2.9591,3.0863,3.2544,3.4632,3.7128,4.0029,4.3336,1,1,0,0,13.658,13.658,0,0,-0.051064,-0.051064,0,0
1.48,0.0055269,0.16314,13.73,1.523,0.036187,0.036698,200.24,95.679,0.971,1.566,1463,1967.8,0.789,0.306,1.3378e+05,99170,0.003413,1.2811,3.2804,5.2782,7.274,9.2668,11.256,13.241,15.22,17.194,0.0044365,0.27261,2.2723,4.2708,6.2674,8.2612,10.251,12.237,14.217,16.192,-2.1727,-2.1643,-2.1119,-2.0205,-1.8902,-1.721,-1.513,-1.2663,-0.98095,-0.65701,2.8243,2.8234,2.8577,2.9331,3.0494,3.2067,3.4047,3.6435,3.9229,4.2429,1,1,0,0,13.108,13.108,0,0,-0.14225,-0.14225,0,0
1.52,0.0055133,0.16197,13.731,1.5295,0.035908,0.036392,200.26,96.228,0.971,1.566,1463,1967.8,0.789,0.306,1.3376e+05,99200,0.0034165,0.35162,2.3513,4.3501,6.3471,8.3416,10.333,12.32,14.303,16.279,0.0044388,1.3968,3.396,5.3938,7.3891,9.3813,11.369,13.353,15.33,17.301,-2.1749,-2.1764,-2.1455,-2.0757,-1.9668,-1.8191,-1.6325,-1.4072,-1.1431,-0.84043,2.8257,2.8346,2.8885,2.9834,3.1192,3.2958,3.5132,3.7713,4.07,4.4093,1,1,0,0,12.558,12.558,0,0,-0.2292,-0.2292,0,0
1.56,0.0055019,0.16087,13.732,1.536,0.035617,0.036064,200.28,96.777,0.971,1.566,1463,1967.8,0.789,0.306,1.3373e+05,99227,0.0034205,1.8868,3.8859,5.8834,7.8787,9.8709,11.859,13.843,15.822,17.794,0.0044387,0.95882,2.9583,4.9565,6.9526,8.9456,10.935,12.919,14.899,16.871,-2.1775,-2.1585,-2.0993,-2.0011,-1.864,-1.688,-1.4733,-1.2198,-0.92767,-0.59692,2.8257,2.8267,2.8699,2.9541,3.0793,3.2453,3.4521,3.6996,3.9878,4.3165,1,1,0,0,12.007,12.007,0,0,-0.31199,-0.31199,0,0
1.6,0.0054853,0.15976,13.733,1.5424,0.035362,0.036064,200.29,97.326,0.971,1.566,1463,1967.8,0.789,0.306,1.3371e+05,99251,0.0034177,1.4222,3.4216,5.4196,7.4156,9.4087,11.398,13.383,15.363,17.338,0.004435,0.52068,2.5204,4.519,6.5157,8.5096,10.5,12.486,14.466,16.441,-2.1757,-2.1689,-2.1203,-2.0327,-1.9062,-1.7408,-1.5366,-1.2936,-1.012,-0.6917,2.8233,2.8211,2.8538,2.9274,3.0419,3.1974,3.3936,3.6306,3.9083,4.2266,1,1,0,0,11.455,11.455,0,0,-0.39066,-0.39066,0,0
1.64,0.0054566,0.15853,13.734,1.5487,0.035132,0.035724,200.31,97.875,0.971,1.566,1463,1967.8,0.789,0.306,1.3369e+05,99273,0.0034188,0.9576,2.9572,4.9557,6.9523,8.9463,10.937,12.923,14.905,16.881,0.0044277,0.082399,2.0822,4.0812,6.0785,8.0732,10.065,12.052,14.034,16.01,-2.1764,-2.1768,-2.1388,-2.0617,-1.9457,-1.7908,-1.5971,-1.3646,-1.0934,-0.78354,2.8186,2.8179,2.84,2.9031,3.0071,3.152,3.3378,3.5643,3.8315,4.1394,1,1,0,0,10.903,10.903,0,0,-0.46526,-0.46526,0,0
1.68,0.0054291,0.15732,13.736,1.555,0.034902,0.035393,200.31,98.424,0.971,1.566,1463,1967.8,0.789,0.306,1.3367e+05,99294,0.0034237,0.493,2.4928,4.4916,6.4888,8.4836,10.475,12.463,14.446,16.423,0.0044283,1.6439,3.6432,5.641,7.6364,9.6287,11.617,13.6,15.578,17.549,-2.1795,-2.1823,-2.1547,-2.0881,-1.9826,-1.8381,-1.6548,-1.4328,-1.1719,-0.87241,2.8191,2.8286,2.8812,2.9748,3.1092,3.2845,3.5007,3.7575,4.0551,4.3932,1,1,0,0,10.35,10.35,0,0,-0.53583,-0.53583,0,0
1.72,0.005406,0.15617,13.737,1.5613,0.034664,0.035086,200.32,98.974,0.971,1.566,1463,1967.8,0.789,0.306,1.3365e+05,99313,0.0034313,1.5638,3.5632,5.5614,7.5575,9.5509,11.541,13.526,15.507,17.481,0.0044239,0.76671,2.7664,4.7651,6.7618,8.7558,10.746,12.732,14.713,16.687,-2.1844,-2.1791,-2.1332,-2.0484,-1.9247,-1.7621,-1.5607,-1.3204,-1.0414,-0.72382,2.8163,2.8128,2.8446,2.9175,3.0312,3.1858,3.3813,3.6176,3.8946,4.2122,1,1,0,0,9.7971,9.7971,0,0,-0.60242,-0.60242,0,0
1.76,0.005388,0.15509,13.739,1.5675,0.034421,0.034811,200.32,99.523,0.971,1.566,1463,1967.8,0.789,0.306,1.3363e+05,99332,0.0034333,1.0993,3.0989,5.0975,7.0942,9.0884,11.079,13.066,15.048,17.024,0.0044164,0.32786,2.3277,4.3267,6.324,8.3187,10.31,12.297,14.279,16.256,-2.1857,-2.1875,-2.152,-2.0775,-1.964,-1.8117,-1.6205,-1.3904,-1.1216,-0.81418,2.8115,2.8083,2.8299,2.8925,2.9959,3.1403,3.3255,3.5516,3.8184,4.1259,1,1,0,0,9.2435,9.2435,0,0,-0.66508,-0.66508,0,0
1.8,0.005369,0.15445,13.741,1.5737,0.03419,0.034811,200.31,100.07,0.971,1.566,1463,1967.8,0.789,0.306,1.3595e+05,99350,0.0034391,0.63469,2.6345,4.6334,6.6307,8.6257,10.617,12.605,14.588,16.566,0.0044091,1.8888,3.8881,5.8859,7.8813,9.8736,11.862,13.845,15.823,17.794,-2.1893,-2.1936,-2.1683,-2.104,-2.0007,-1.8586,-1.6776,-1.4577,-1.199,-0.90168,2.8068,2.8175,2.8698,2.9631,3.0973,3.2723,3.4882,3.7449,4.0422,4.3801,0,1,0,0,0,8.6895,0,0,0,-0.72388,0,0
1.84,0.013422,0.26735,13.713,1.5819,0.031014,0.19379,200.31,100.62,0.971,1.566,1463,1967.8,0.789,0.306,1.3522e+05,95803,0.0034492,0.16979,2.1697,4.169,6.1668,8.1624,10.155,12.144,14.129,16.108,0.0044079,1.4503,3.4498,5.4481,7.4442,9.4374,11.427,13.412,15.391,17.364,-2.1958,-2.1978,-2.183,-2.1292,-2.0365,-1.9049,-1.7344,-1.525,-1.2768,-0.98985,2.8061,2.8067,2.8484,2.9312,3.0548,3.2194,3.4247,3.671,3.9579,4.2854,0,1,0,0,0,8.1337,0,0,0,-0.79234,0,0
1.88,0.01832,0.39648,13.674,1.5953,0.025031,0.22449,200.29,101.17,0.971,1.566,1463,1967.8,0.789,0.306,1.3199e+05,90356,0.0034621,1.7001,3.6997,5.6982,7.6948,9.6888,11.679,13.666,15.647,17.623,0.0043944,1.0199,3.0197,5.0185,7.0155,9.01,11.001,12.988,14.969,16.944,-2.204,-2.2047,-2.1666,-2.0895,-1.9735,-1.8186,-1.6248,-1.3922,-1.1208,-0.81079,2.7975,2.7899,2.816,2.8831,2.9911,3.1401,3.3299,3.5605,3.8319,4.1439,0,1,0,0,0,7.5734,0,0,0,-0.89213,0,0
1.92,0.019274,0.501,13.635,1.6134,0.023286,0.23924,200.26,101.71,0.971,1.566,1463,1967.8,0.789,0.306,1.3439e+05,89965,0.0035146,0.74107,2.741,4.7408,6.7397,8.737,10.732,12.724,14.712,16.695,0.0043313,0.19129,2.1911,4.191,6.1902,8.1878,10.183,12.175,14.163,16.146,-2.2374,-2.2569,-2.2707,-2.2456,-2.1815,-2.0786,-1.9366,-1.7558,-1.5361,-1.2776,2.7573,2.7511,2.7253,2.7404,2.7964,2.8934,3.0314,3.2103,3.43,3.6904,0,1,0,0,0,7.0079,0,0,0,-1.0181,0,0
1.96,0.018085,0.58023,13.597,1.6352,0.020533,0.24543,200.22,102.26,0.971,1.566,1463,1967.8,0.789,0.306,1.3666e+05,92011,0.0035574,0.25346,2.2528,4.2528,6.2525,8.2513,10.248,12.243,14.234,16.222,0.0042928,1.7892,3.789,5.7889,7.7879,9.7851,11.78,13.771,15.758,17.74,-2.2646,-2.2755,-2.3237,-2.3329,-2.3031,-2.2344,-2.1268,-1.9802,-1.7947,-1.5704,2.7328,2.6792,2.66,2.6817,2.7444,2.8481,2.9927,3.1782,3.4045,3.6714,0,1,0,0,0,6.4368,0,0,0,-1.1595,0,0
2,0.015686,0.63818,13.559,1.6596,0.012551,0.24543,200.17,102.8,0.971,1.566,1463,1967.8,0.789,0.306,1.3768e+05,94050,0.0036046,1.7601,3.7595,5.7594,7.7592,9.7579,11.755,13.75,15.741,17.728,0.0042517,1.3932,3.3923,5.3922,7.392,9.3909,11.388,13.383,15.374,17.361,-2.2947,-2.3707,-2.4183,-2.4269,-2.3966,-2.3274,-2.2191,-2.0719,-1.8859,-1.6611,2.7066,2.6382,2.5806,2.564,2.5883,2.6536,2.7598,2.9071,3.0951,3.3238,0,1,0,0,0,5.8601,0,0,0,-1.3069,0,0
2.04,0.012438,0.67736,13.536,1.686,-0.00087733,0.19606,200.11,103.34,0.971,1.566,1463,1967.8,0.789,0.306,1.4014e+05,96035,0.003657,1.264,3.2619,5.2612,7.2611,9.2608,11.26,13.257,15.252,17.243,0.0042017,1.0018,2.9993,4.9983,6.9982,8.998,10.997,12.994,14.989,16.98,-2.3281,-2.4088,-2.4978,-2.548,-2.5592,-2.5314,-2.4647,-2.3589,-2.2143,-2.0309,2.6748,2.6049,2.5059,2.4478,2.4306,2.4543,2.5191,2.6249,2.7715,2.9589,0,1,0,0,0,5.278,0,0,0,-1.4525,0,0
2.08,0.0079049,0.69068,13.522,1.7135,-0.018861,0.16271,200.03,103.87,0.971,1.566,1463,1967.8,0.789,0.306,1.409e+05,97818,0.0038036,0.26435,2.2562,4.2512,6.2486,8.2475,10.247,12.247,14.246,16.244,0.0040746,0.22715,2.2181,4.2125,6.2096,8.2084,10.208,12.208,14.207,16.205,-2.4214,-2.4498,-2.6275,-2.7665,-2.8666,-2.9278,-2.95,-2.9333,-2.8776,-2.783,2.5939,2.5682,2.3806,2.2336,2.1275,2.0623,2.0381,2.0549,2.1126,2.2112,0,1,0,0,0,4.6911,0,0,0,-1.5899,0,0
2.12,0.0018871,0.66914,13.518,1.7409,-0.037458,0.11611,199.94,104.41,0.971,1.566,1463,1967.8,0.789,0.306,1.4286e+05,99833,0.0038907,1.7509,3.7422,5.7367,7.7337,9.7324,11.732,13.732,15.731,17.729,0.0040029,1.8269,3.8174,5.8115,7.8083,9.8069,11.807,13.807,15.806,17.803,-2.4768,-2.6727,-2.8568,-3.0021,-3.1086,-3.1761,-3.2046,-3.1942,-3.1449,-3.0567,2.5482,2.3347,2.1426,1.9913,1.8809,1.8114,1.7829,1.7953,1.8486,1.9427,0,1,0,0,0,4.1013,0,0,0,-1.7131,0,0
2.16,-0.0032412,0.62925,13.515,1.7668,-0.053713,0.1378,199.84,104.94,0.971,1.566,1463,1967.8,0.789,0.306,1.3886e+05,99832,0.003982,1.2471,3.2338,5.2247,7.2189,9.2156,11.214,13.214,15.214,17.213,0.0039308,1.4324,3.4182,5.4085,7.4023,9.399,11.398,13.397,15.397,17.396,-2.5349,-2.7017,-2.9291,-3.1177,-3.2675,-3.3784,-3.4504,-3.4834,-3.4775,-3.4328,2.5023,2.3034,2.0682,1.8736,1.7198,1.6069,1.5349,1.5039,1.5137,1.5645,0,1,0,0,0,3.5121,0,0,0,-1.8165,0,0
2.2,-0.004689,0.61518,13.504,1.7917,-0.070786,0.1378,199.74,105.47,0.971,1.566,1463,1967.8,0.789,0.306,1.3886e+05,98415,0.0040871,0.74545,2.727,4.7135,6.7041,8.6981,10.695,12.693,14.693,16.693,0.0038478,1.035,3.0154,5.0012,6.9914,8.9853,10.982,12.98,14.98,16.98,-2.6019,-2.7171,-2.9856,-3.2156,-3.4068,-3.5591,-3.6726,-3.7471,-3.7827,-3.7795,2.4495,2.284,2.0076,1.7717,1.5765,1.4222,1.3087,1.2362,1.2045,1.2138,0,1,0,0,0,2.923,0,0,0,-1.8992,0,0
2.24,-0.0042608,0.62465,13.473,1.8164,-0.090225,0.21329,199.61,105.99,0.971,1.566,1463,1967.8,0.789,0.306,1.3758e+05,96441,0.0042089,0.24502,2.2207,4.202,6.1883,8.1787,10.173,12.169,14.168,16.167,0.0037506,0.63661,2.611,4.5915,6.5773,8.5676,10.561,12.558,14.557,16.556,-2.6794,-2.7219,-3.0307,-3.3011,-3.5328,-3.7257,-3.8797,-3.9949,-4.0712,-4.1087,2.3876,2.2728,1.956,1.6798,1.4441,1.2492,1.0952,0.98196,0.90964,0.87819,0,0,0,0,0,0,0,0,0,0,0,0
2.28,-0.0042573,0.64023,13.444,1.8417,-0.11229,0.20618,199.48,106.51,0.971,1.566,1463,1967.8,0.789,0.306,1.3776e+05,94297,0.0044827,1.2065,3.1749,5.1498,7.1305,9.1163,11.106,13.1,15.096,17.094,0.0035161,1.803,3.7703,5.7446,7.725,9.7108,11.701,13.695,15.691,17.69,-2.8537,-3.0927,-3.4444,-3.7577,-4.0324,-4.2685,-4.4658,-4.6244,-4.7442,-4.8251,2.2383,1.8731,1.5155,1.1982,0.92154,0.6855,0.49016,0.33557,0.22177,0.14881,0,0,0,0,0,0,0,0,0,0,0,0
2.32,-0.013131,0.55979,13.441,1.8667,-0.13469,-0.006137,199.33,107.03,0.971,1.566,1463,1967.8,0.789,0.306,1.4357e+05,96265,0.0046421,0.69825,2.6587,4.6266,6.601,8.5812,10.567,12.556,14.549,16.545,0.0033892,1.3999,3.3592,5.3263,7.3004,9.2806,11.266,13.256,15.25,17.246,-2.9552,-3.1083,-3.5014,-3.8563,-4.1727,-4.4505,-4.6897,-4.8903,-5.0521,-5.1751,2.1575,1.8433,1.4443,1.0856,0.7672,0.48937,0.25213,0.055549,-0.10031,-0.21538,0,0,0,0,0,0,0,0,0,0,0,0
2.36,-0.024317,0.38246,13.457,1.8853,-0.15289,-0.013249,199.18,107.55,0.971,1.566,1463,1967.8,0.789,0.306,1.3002e+05,95173,0.0048031,0.20035,2.1536,4.1149,6.0834,8.0585,10.039,12.025,14.015,16.009,0.0032617,0.98888,2.9408,4.9013,6.8695,8.8446,10.826,12.812,14.803,16.797,-3.0576,-3.1045,-3.5321,-3.9217,-4.2729,-4.5856,-4.8598,-5.0954,-5.2924,-5.4505,2.0764,1.8362,1.4027,1.0092,0.65606,0.34332,0.071098,-0.16053,-0.3515,-0.50171,0,0,0,0,0,0,0,0,0,0,0,0
2.4,-0.026812,0.24247,13.471,1.8976,-0.16618,-0.013249,199.02,108.06,0.971,1.566,1463,1967.8,0.789,0.306,1.2785e+05,94995,0.0049541,1.6641,3.6202,5.5841,7.555,9.5322,11.515,13.502,15.494,17.488,0.0031296,0.56821,2.5145,4.4698,6.4333,8.4042,10.382,12.365,14.353,16.345,-3.1538,-3.5398,-3.9549,-4.3317,-4.6702,-4.9701,-5.2315,-5.4542,-5.6382,-5.7834,1.9923,1.8468,1.3878,0.96877,0.58998,0.25156,-0.046408,-0.30382,-0.5206,-0.69666,0,0,0,0,0,0,0,0,0,0,0,0
2.44,-0.034157,-0.0025873,13.473,1.9024,-0.17545,-0.11094,198.86,108.58,0.971,1.566,1463,1967.8,0.789,0.306,1.3212e+05,95349,0.0051018,1.188,3.1404,5.1009,7.0687,9.0432,11.023,13.009,14.998,16.992,0.0029865,0.13959,2.0817,4.0333,5.9934,7.9612,9.936,11.917,13.903,15.893,-3.2478,-3.5343,-3.9671,-4.3616,-4.7178,-5.0356,-5.3148,-5.5554,-5.7573,-5.9204,1.9012,1.8647,1.3881,0.95144,0.55492,0.19873,-0.11703,-0.39229,-0.62693,-0.82085,0,0,0,0,0,0,0,0,0,0,0,0
2.48,-0.033768,-0.20907,13.477,1.8979,-0.17928,-0.12049,198.71,109.09,0.971,1.566,1463,1967.8,0.789,0.306,1.2835e+05,96138,0.0053728,0.2982,2.2508,4.2114,6.1794,8.1539,10.134,12.12,14.109,16.103,0.0027116,1.1906,3.1422,5.1025,7.0705,9.0453,11.026,13.012,15.003,16.997,-3.4203,-3.4913,-3.9241,-4.3188,-4.675,-4.9928,-5.2719,-5.5125,-5.7143,-5.8773,1.7262,1.4346,0.99788,0.60131,0.24508,-0.070694,-0.34592,-0.58051,-0.77436,-0.92737,0,0,0,0,0,0,0,0,0,0,0,0
2.52,-0.029962,-0.37783,13.476,1.8861,-0.17842,-0.16742,198.55,109.61,0.971,1.566,1463,1967.8,0.789,0.306,1.2853e+05,1.0217e+05,0.0054906,1.8381,3.802,5.7729,7.75,9.7327,11.72,13.711,15.706,17.703,0.0025715,0.73278,2.6881,4.6516,6.6225,8.6,10.583,12.571,14.563,16.559,-3.4953,-3.8854,-4.2636,-4.6032,-4.9044,-5.1669,-5.3908,-5.5758,-5.7221,-5.8293,1.637,1.4643,1.044,0.66387,0.3242,0.025032,-0.23354,-0.45142,-0.62853,-0.76477,0,0,0,0,0,0,0,0,0,0,0,0
2.56,-0.026702,-0.5049,13.47,1.8682,-0.17274,-0.17046,198.4,110.13,0.971,1.566,1463,1967.8,0.789,0.306,1.2927e+05,1.0376e+05,0.0055889,1.4429,3.4115,5.3866,7.3675,9.3534,11.344,13.337,15.334,17.332,0.002433,0.26851,2.2291,4.1973,6.1725,8.1536,10.14,12.131,14.125,16.122,-3.5579,-3.8444,-4.197,-4.511,-4.7865,-5.0233,-5.2213,-5.3806,-5.5009,-5.5823,1.5489,1.4896,1.0947,0.74012,0.42607,0.1526,-0.08021,-0.27228,-0.42354,-0.5339,0,0,0,0,0,0,0,0,0,0,0,0
2.6,-0.022522,-0.57615,13.466,1.8464,-0.16409,-0.17046,198.26,110.65,0.971,1.566,1463,1967.8,0.789,0.306,1.3161e+05,1.0534e+05,0.0056757,1.061,3.0351,5.0151,7.0003,8.9898,10.983,12.979,14.977,16.976,0.002308,1.7662,3.74,5.72,7.7054,9.6953,11.689,13.685,15.684,17.683,-3.6131,-3.8055,-4.1256,-4.4071,-4.65,-4.8541,-5.0194,-5.1459,-5.2334,-5.282,1.4693,1.1441,0.82199,0.54048,0.29964,0.099514,-0.059818,-0.1783,-0.25585,-0.29242,0,0,0,0,0,0,0,0,0,0,0,0
2.64,-0.018493,-0.61752,13.461,1.8224,-0.15235,-0.17415,198.13,111.17,0.971,1.566,1463,1967.8,0.789,0.306,1.343e+05,1.0624e+05,0.005821,0.31878,2.3038,4.2931,6.2861,8.282,10.28,12.279,14.279,16.279,0.0021027,0.83343,2.8182,4.8075,6.8007,8.7968,10.795,12.795,14.795,16.794,-3.7056,-3.7503,-3.9942,-4.1994,-4.3657,-4.4932,-4.5818,-4.6316,-4.6424,-4.6142,1.3386,1.2182,0.97233,0.7672,0.60286,0.47936,0.39672,0.35497,0.35416,0.39432,0,0,0,0,0,0,0,0,0,0,0,0
2.68,-0.014473,-0.63629,13.458,1.7972,-0.13812,-0.16443,198.02,111.7,0.971,1.566,1463,1967.8,0.789,0.306,1.3741e+05,1.0439e+05,0.0058799,1.9432,3.9364,5.9324,7.9305,9.9299,11.93,13.93,15.928,17.925,0.0020159,0.36516,2.3546,4.3478,6.3439,8.3422,10.342,12.342,14.341,16.34,-3.7431,-3.9407,-4.1047,-4.2299,-4.3162,-4.3636,-4.3721,-4.3417,-4.2723,-4.1641,1.2833,1.2384,1.0335,0.86951,0.74633,0.66403,0.62261,0.62208,0.66248,0.7438,0,0,0,0,0,0,0,0,0,0,0,0
2.72,-0.010605,-0.64071,13.455,1.7716,-0.12223,-0.15003,197.91,112.22,0.971,1.566,1463,1967.8,0.789,0.306,1.3989e+05,1.0136e+05,0.005922,1.5835,3.5797,5.5779,7.5774,9.5773,11.577,13.576,15.573,17.567,0.0019439,1.8897,3.886,5.8843,7.8838,9.8838,11.883,13.882,15.878,17.871,-3.7699,-3.8974,-4.0196,-4.1029,-4.1473,-4.1529,-4.1195,-4.0472,-3.936,-3.7859,1.2375,1.083,0.96083,0.87953,0.83912,0.83959,0.88096,0.96321,1.0864,1.2504,0,0,0,0,0,0,0,0,0,0,0,0
2.76,-0.0068185,-0.63429,13.454,1.7461,-0.10642,-0.13201,197.81,112.75,0.971,1.566,1463,1967.8,0.789,0.306,1.3972e+05,98621,0.005957,1.2233,3.2216,5.2212,7.2211,9.2208,11.219,13.216,15.21,17.201,0.0018954,1.424,3.4224,5.4219,7.4219,9.4214,11.42,13.416,15.409,17.398,-3.7922,-3.8649,-3.9451,-3.9865,-3.9889,-3.9524,-3.877,-3.7628,-3.6097,-3.4178,1.2066,1.1203,1.0401,1.0007,1.0023,1.0448,1.1281,1.2523,1.4173,1.6232,0,0,0,0,0,0,0,0,0,0,0,0
2.8,-0.0029246,-0.6159,13.454,1.7211,-0.091128,-0.13201,197.73,113.28,0.971,1.566,1463,1967.8,0.789,0.306,1.3737e+05,97507,0.0059844,0.86179,2.8614,4.8613,6.8609,8.8593,10.856,12.85,14.84,16.826,0.001859,0.95772,2.9573,4.9573,6.9567,8.9549,10.951,12.944,14.933,16.918,-3.8097,-3.8429,-3.8815,-3.8811,-3.8418,-3.7637,-3.6467,-3.4909,-3.2963,-3.0629,1.1834,1.1454,1.1068,1.1092,1.1524,1.2366,1.3615,1.5273,1.7338,1.9811,0,0,0,0,0,0,0,0,0,0,0,0
2.84,0.0010575,-0.58262,13.458,1.6972,-0.076527,-0.11275,197.65,113.82,0.971,1.566,1463,1967.8,0.789,0.306,1.3628e+05,97427,0.0060155,0.13072,2.1302,4.1285,6.1248,8.1185,10.109,12.094,14.075,16.051,0.001822,0.025438,2.0249,4.0231,6.0192,8.0123,10.002,11.986,13.966,15.938,-3.8295,-3.8293,-3.7877,-3.7072,-3.5879,-3.4297,-3.2327,-2.9971,-2.7229,-2.4101,1.1599,1.1599,1.2015,1.284,1.4073,1.5715,1.7764,2.0219,2.308,2.6346,0,0,0,0,0,0,0,0,0,0,0,0
2.88,0.0044883,-0.53942,13.463,1.6747,-0.062485,-0.093721,197.59,114.35,0.971,1.566,1463,1967.8,0.789,0.306,1.3489e+05,97535,0.0060103,1.7579,3.7543,5.748,7.7383,9.7244,11.705,13.681,15.65,17.611,0.0018358,1.5587,3.555,5.5484,7.538,9.5231,11.503,13.476,15.443,17.401,-3.8262,-3.7569,-3.6389,-3.4821,-3.2865,-3.0523,-2.7794,-2.4681,-2.1182,-1.7301,1.1687,1.2302,1.3502,1.511,1.7125,1.9547,2.2374,2.5607,2.9243,3.3281,0,0,0,0,0,0,0,0,0,0,0,0
2.92,0.0070913,-0.48886,13.47,1.654,-0.049049,-0.07542,197.54,114.89,0.971,1.566,1463,1967.8,0.789,0.306,1.3363e+05,97918,0.0059922,1.3801,3.3741,5.3648,7.3513,9.3329,11.309,13.278,15.241,17.195,0.0018617,1.0932,3.0871,5.0773,7.0631,9.0436,11.018,12.986,14.945,16.896,-3.8146,-3.7361,-3.5831,-3.3914,-3.1609,-2.8919,-2.5843,-2.2383,-1.8539,-1.4313,1.1852,1.2476,1.4025,1.5983,1.8347,2.1117,2.4291,2.7869,3.185,3.6232,0,0,0,0,0,0,0,0,0,0,0,0
2.96,0.0086788,-0.43283,13.478,1.6356,-0.036312,-0.058032,197.49,115.43,0.971,1.566,1463,1967.8,0.789,0.306,1.3244e+05,98615,0.0059648,0.99632,2.9876,4.9749,6.9574,8.9344,10.905,12.869,14.825,16.772,0.0018987,0.62889,2.62,4.6068,6.5885,8.5643,10.533,12.495,14.448,16.391,-3.7972,-3.7245,-3.5393,-3.3154,-3.0529,-2.7518,-2.4123,-2.0345,-1.6185,-1.1644,1.2087,1.2547,1.4419,1.6697,1.9382,2.2472,2.5965,2.9861,3.4158,3.8855,0,0,0,0,0,0,0,0,0,0,0,0
3,0.0094004,-0.3717,13.488,1.6196,-0.024423,-0.058032,197.46,115.96,0.971,1.566,1463,1967.8,0.789,0.306,1.3149e+05,99316,0.0059278,0.60634,2.5947,4.5785,6.5569,8.5293,10.495,12.453,14.402,16.343,0.0019461,0.16605,2.1542,4.1374,6.115,8.086,10.05,12.005,13.952,15.888,-3.7737,-3.7208,-3.5064,-3.2535,-2.9619,-2.6319,-2.2635,-1.857,-1.4123,-0.92966,1.2389,1.2533,1.4696,1.7266,2.0241,2.362,2.7401,3.1584,3.6168,4.1149,0,0,0,0,0,0,0,0,0,0,0,0
3.04,0.0095586,-0.30463,13.499,1.6062,-0.01331,-0.041613,197.43,116.5,0.971,1.566,1463,1967.8,0.789,0.306,1.3128e+05,99878,0.0058209,1.7886,3.7657,5.7366,7.7004,9.6565,11.604,13.542,15.471,17.388,0.002093,1.2282,3.2046,5.1744,7.1368,9.0907,11.036,12.97,14.894,16.807,-3.7056,-3.4697,-3.1688,-2.8294,-2.4518,-2.036,-1.5821,-1.0903,-0.56081,0.0062371,1.3324,1.4959,1.8008,2.146,2.5315,2.9571,3.4226,3.928,4.4729,5.0572,0,0,0,0,0,0,0,0,0,0,0,0
3.08,0.0089327,-0.23761,13.511,1.5953,-0.0030005,-0.026306,197.41,117.04,0.971,1.566,1463,1967.8,0.789,0.306,1.3122e+05,1.0027e+05,0.0057449,1.3756,3.3498,5.3174,7.2775,9.2296,11.173,13.106,15.03,16.942,0.0021813,0.76833,2.7418,4.7083,6.6669,8.6168,10.557,12.487,14.406,16.313,-3.6572,-3.4627,-3.1431,-2.7851,-2.3888,-1.9544,-1.4821,-0.97195,-0.42412,0.16113,1.3886,1.4981,1.8217,2.1857,2.5897,3.0339,3.5178,4.0415,4.6048,5.2072,0,0,0,0,0,0,0,0,0,0,0,0
3.12,0.0076512,-0.17274,13.524,1.5871,0.0064091,-0.012226,197.39,117.58,0.971,1.566,1463,1967.8,0.789,0.306,1.3107e+05,1.0043e+05,0.0056612,0.95589,2.9276,4.8923,6.8494,8.7982,10.738,12.667,14.586,16.494,0.0022758,0.31083,2.2818,4.2455,6.2009,8.1473,10.084,12.01,13.924,15.826,-3.6039,-3.4616,-3.1268,-2.7537,-2.3425,-1.8931,-1.4059,-0.8809,-0.31832,0.28161,1.4488,1.4953,1.834,2.213,2.6321,3.0912,3.59,4.1285,4.7065,5.3236,0,0,0,0,0,0,0,0,0,0,0,0
3.16,0.0058806,-0.11202,13.537,1.5814,0.014823,0.00041168,197.38,118.12,0.971,1.566,1463,1967.8,0.789,0.306,1.2998e+05,1.0043e+05,0.0055705,0.52961,2.4993,4.4619,6.4165,8.3626,10.299,12.226,14.142,16.046,0.0023805,1.8246,3.786,5.7389,7.6827,9.6163,11.539,13.45,15.349,17.234,-3.5462,-3.4645,-3.1182,-2.7335,-2.3107,-1.8498,-1.3511,-0.81476,-0.24084,0.37036,1.5154,1.8396,2.2302,2.6608,3.1314,3.6417,4.1915,4.7808,5.4091,6.0762,0,0,0,0,0,0,0,0,0,0,0,0
3.2,0.0041056,-0.054805,13.549,1.5782,0.022222,0.00041168,197.38,118.67,0.971,1.566,1463,1967.8,0.789,0.306,1.2984e+05,1.0045e+05,0.0054737,0.09713,2.0654,4.0263,5.9792,7.9233,9.8579,11.782,13.696,15.597,0.0024995,1.3701,3.3298,5.281,7.2227,9.1542,11.075,12.983,14.879,16.762,-3.4846,-3.4699,-3.1152,-2.7223,-2.2913,-1.8222,-1.3154,-0.77089,-0.18889,0.43036,1.5912,1.8404,2.2392,2.6781,3.1568,3.6753,4.2333,4.8306,5.4669,6.142,0,0,0,0,0,0,0,0,0,0,0,0
3.24,0.0027456,-0.00089268,13.561,1.5772,0.028897,0.011563,197.37,119.21,0.971,1.566,1463,1967.8,0.789,0.306,1.3021e+05,1.0056e+05,0.0052418,1.1814,3.141,5.0924,7.0348,8.9677,10.89,12.801,14.701,16.588,0.0027445,0.46884,2.4272,4.3768,6.3169,8.2466,10.165,12.072,13.965,15.845,-3.3369,-3.1207,-2.7208,-2.2828,-1.8068,-1.293,-0.74162,-0.15275,0.47333,1.1363,1.7471,1.8338,2.2396,2.6854,3.1711,3.6964,4.2613,4.8655,5.5087,6.1905,0,0,0,0,0,0,0,0,0,0,0,0
3.28,0.0016605,0.04391,13.572,1.578,0.035258,0.021244,197.37,119.75,0.971,1.566,1463,1967.8,0.789,0.306,1.3056e+05,1.0079e+05,0.0051197,0.73252,2.6922,4.6437,6.5864,8.5194,10.442,12.353,14.253,16.14,0.0028683,0.021586,1.9801,3.9298,5.8701,7.7999,9.7186,11.625,13.519,15.4,-3.2592,-3.1257,-2.7264,-2.289,-1.8136,-1.3004,-0.74955,-0.16124,0.46429,1.1268,1.826,1.8294,2.2346,2.6799,3.165,3.6898,4.2541,4.8577,5.5003,6.1816,0,0,0,0,0,0,0,0,0,0,0,0
3.32,0.0010325,0.079472,13.583,1.5805,0.041988,0.029732,197.36,120.29,0.971,1.566,1463,1967.8,0.789,0.306,1.3098e+05,1.0112e+05,0.0049963,0.27965,2.24,4.1922,6.1355,8.0693,9.9927,11.905,13.806,15.694,0.0030058,1.5354,3.4858,5.4268,7.3574,9.277,11.185,13.079,14.961,16.828,-3.1806,-3.1307,-2.7343,-2.2998,-1.8273,-1.3171,-0.7691,-0.18366,0.43901,1.0987,1.9135,2.2281,2.6704,3.1526,3.6744,4.2359,4.8366,5.4764,6.1549,6.8718,0,0,0,0,0,0,0,0,0,0,0,0
3.36,0.00094542,0.10794,13.592,1.5843,0.048692,0.037894,197.35,120.84,0.971,1.566,1463,1967.8,0.789,0.306,1.3171e+05,1.0147e+05,0.0048669,1.7848,3.7381,5.6826,7.6177,9.5425,11.456,13.358,15.248,17.125,0.0031423,1.0926,3.0441,4.9863,6.9182,8.8392,10.748,12.645,14.528,16.397,-3.0982,-2.7429,-2.3133,-1.8457,-1.3402,-0.797,-0.21631,0.40165,1.0566,1.7483,2.0004,2.2213,2.6587,3.1361,3.6532,4.2098,4.8059,5.4409,6.1148,6.827,0,0,0,0,0,0,0,0,0,0,0,0
3.4,0.0015171,0.13351,13.6,1.5892,0.054852,0.037894,197.34,121.38,0.971,1.566,1463,1967.8,0.789,0.306,1.3281e+05,1.0169e+05,0.0045937,0.86733,2.8237,4.7716,6.7104,8.6391,10.557,12.464,14.358,16.24,0.003408,0.21174,2.1665,4.1121,6.0478,7.9728,9.8862,11.787,13.675,15.549,-2.9244,-2.7588,-2.3436,-1.8904,-1.3992,-0.8703,-0.30378,0.30008,0.94103,1.6188,2.1695,2.2102,2.6332,3.0961,3.5989,4.1414,4.7232,5.3443,6.0041,6.7025,0,0,0,0,0,0,0,0,0,0,0,0
3.44,0.0027519,0.15983,13.607,1.5951,0.060334,0.046302,197.33,121.92,0.971,1.566,1463,1967.8,0.789,0.306,1.3383e+05,1.0159e+05,0.0044605,0.40539,2.3637,4.3138,6.2548,8.1861,10.107,12.016,13.914,15.799,0.0035435,1.7301,3.6779,5.616,7.5436,9.4598,11.364,13.255,15.132,16.995,-2.8396,-2.7646,-2.3587,-1.9148,-1.4329,-0.91317,-0.35582,0.23894,0.87084,1.5396,2.2558,2.6208,3.0745,3.5681,4.1013,4.674,5.286,5.9368,6.6263,7.354,0,0,0,0,0,0,0,0,0,0,0,0
3.48,0.0041556,0.18468,13.613,1.602,0.065157,0.0542,197.32,122.47,0.971,1.566,1463,1967.8,0.789,0.306,1.3455e+05,1.0109e+05,0.0043286,1.902,3.8544,5.798,7.7321,9.6558,11.568,13.469,15.358,17.233,0.0036817,1.2954,3.2456,5.1864,7.1168,9.036,10.943,12.838,14.719,16.586,-2.7556,-2.373,-1.9397,-1.4683,-0.95912,-0.41222,0.17215,0.79372,1.4522,2.1474,2.3438,2.6096,3.0527,3.5357,4.0584,4.6208,5.2223,5.8629,6.5421,7.2597,0,0,0,0,0,0,0,0,0,0,0,0
3.52,0.0055222,0.20805,13.618,1.6098,0.069337,0.061062,197.29,123.01,0.971,1.566,1463,1967.8,0.789,0.306,1.349e+05,1.0067e+05,0.0041879,1.4384,3.3934,5.3399,7.277,9.204,11.12,13.025,14.917,16.797,0.0038151,0.86222,2.8151,4.7588,6.6924,8.615,10.526,12.424,14.31,16.181,-2.666,-2.386,-1.9646,-1.5052,-1.0078,-0.47266,0.099992,0.70992,1.3568,2.0405,2.4287,2.5998,3.031,3.5021,4.0131,4.5637,5.1535,5.7825,6.4502,7.1564,0,0,0,0,0,0,0,0,0,0,0,0
3.56,0.0067361,0.22995,13.623,1.6186,0.072896,0.066866,197.27,123.56,0.971,1.566,1463,1967.8,0.789,0.306,1.3473e+05,1.0026e+05,0.0040519,0.97311,2.931,4.8805,6.8209,8.7514,10.671,12.58,14.477,16.361,0.0039432,0.43053,2.3863,4.3331,6.2701,8.1964,10.111,12.014,13.904,15.779,-2.5794,-2.397,-1.9888,-1.5425,-1.0582,-0.53604,0.023676,0.62073,1.2549,1.9259,2.5102,2.5923,3.0103,3.4683,3.9662,4.5038,5.0808,5.6969,6.3519,7.0454,0,0,0,0,0,0,0,0,0,0,0,0
3.6,0.0077907,0.25086,13.627,1.6282,0.075867,0.066866,197.23,124.1,0.971,1.566,1463,1967.8,0.789,0.306,1.342e+05,99822,0.0037959,0.037592,2.0015,3.9576,5.9052,7.8435,9.7719,11.69,13.596,15.49,0.0041964,1.5335,3.487,5.4314,7.3657,9.2892,11.201,13.1,14.987,16.859,-2.4165,-2.4106,-2.0325,-1.6161,-1.1616,-0.6691,-0.13888,0.42884,1.0338,1.6758,2.6714,2.9738,3.402,3.8701,4.3781,4.9257,5.5125,6.1385,6.8031,7.5063,0,0,0,0,0,0,0,0,0,0,0,0
3.64,0.0086563,0.27097,13.63,1.6387,0.078333,0.071716,197.2,124.64,0.971,1.566,1463,1967.8,0.789,0.306,1.3377e+05,99410,0.0036632,1.5346,3.4942,5.4456,7.3881,9.3209,11.243,13.155,15.054,16.941,0.0043205,1.1092,3.0664,5.0146,6.9532,8.8813,10.798,12.703,14.595,16.473,-2.332,-2.0507,-1.6509,-1.213,-0.73706,-0.22327,0.32812,0.91686,1.5427,2.2055,2.7504,2.9592,3.3707,3.8223,4.3138,4.845,5.4156,6.0253,6.6739,7.3611,0,0,0,0,0,0,0,0,0,0,0,0
3.68,0.0091984,0.28883,13.633,1.6499,0.080313,0.07562,197.15,125.19,0.971,1.566,1463,1967.8,0.789,0.306,1.3351e+05,99090,0.0035361,1.0665,3.0296,4.9849,6.9315,8.8689,10.796,12.713,14.618,16.511,0.0044379,0.68634,2.6471,4.5994,6.5423,8.4751,10.397,12.307,14.205,16.089,-2.2511,-2.0657,-1.6836,-1.2633,-0.80493,-0.3086,0.22541,0.79687,1.4056,2.0512,2.8252,2.9477,3.3415,3.7755,4.2495,4.7632,5.3165,5.909,6.5405,7.2107,0,0,0,0,0,0,0,0,0,0,0,0
3.72,0.0094453,0.30434,13.635,1.6618,0.081812,0.078581,197.1,125.73,0.971,1.566,1463,1967.8,0.789,0.306,1.3336e+05,98877,0.0034161,0.59715,2.5638,4.523,6.474,8.4159,10.348,12.27,14.181,16.08,0.0045483,0.26475,2.2292,4.1855,6.1329,8.0705,9.9975,11.913,13.817,15.707,-2.1747,-2.0769,-1.7135,-1.3119,-0.87198,-0.3941,0.12156,0.67476,1.2653,1.893,2.8955,2.9396,3.3148,3.7302,4.1857,4.6811,5.216,5.7903,6.4037,7.056,0,0,0,0,0,0,0,0,0,0,0,0
3.76,0.0094602,0.31765,13.637,1.6742,0.082842,0.080925,197.04,126.27,0.971,1.566,1463,1967.8,0.789,0.306,1.3332e+05,98755,0.0033033,0.1268,2.097,4.0601,6.0153,7.9619,9.8993,11.827,13.743,15.648,0.004657,1.8124,3.7727,5.7245,7.6669,9.5992,11.52,13.43,15.327,17.21,-2.1029,-2.0838,-1.74,-1.3578,-0.93729,-0.47873,0.017698,0.55178,1.1233,1.7321,2.9646,3.2913,3.6872,4.1234,4.5994,5.1152,5.6705,6.2649,6.8984,7.5705,0,0,0,0,0,0,0,0,0,0,0,0
3.8,0.0093332,0.32909,13.639,1.6872,0.083411,0.080925,196.98,126.82,0.971,1.566,1463,1967.8,0.789,0.306,1.3333e+05,98701,0.0030749,1.1605,3.1312,5.0948,7.0506,8.9979,10.936,12.864,14.781,16.687,0.0048696,0.98158,2.9498,4.9103,6.8623,8.805,10.737,12.659,14.569,16.466,-1.9575,-1.7804,-1.4395,-1.0601,-0.64252,-0.18685,0.30668,0.83786,1.4065,2.0124,3.1,3.2554,3.6101,4.0052,4.4404,4.9155,5.4303,5.9846,6.5781,7.2106,0,0,0,0,0,0,0,0,0,0,0,0
3.84,0.0090957,0.33864,13.641,1.7005,0.083573,0.082502,196.9,127.36,0.971,1.566,1463,1967.8,0.789,0.306,1.3335e+05,98712,0.0029707,0.69108,2.6654,4.633,6.5933,8.5455,10.489,12.423,14.346,16.259,0.0049648,0.56738,2.5394,4.5041,6.4608,8.4085,10.347,12.274,14.19,16.094,-1.8911,-1.7936,-1.4742,-1.1164,-0.72021,-0.28589,0.18639,0.69643,1.244,1.829,3.1606,3.2438,3.5769,3.9505,4.3643,4.8182,5.3118,5.845,6.4175,7.0292,0,0,0,0,0,0,0,0,0,0,0,0
3.88,0.0087501,0.34587,13.642,1.7142,0.083365,0.083376,196.82,127.9,0.971,1.566,1463,1967.8,0.789,0.306,1.3342e+05,98769,0.0028746,0.22108,2.1988,4.1704,6.135,8.0919,10.04,11.98,13.909,15.828,0.0050525,0.15384,2.1294,4.0982,6.0594,8.0121,9.9556,11.889,13.811,15.722,-1.83,-1.8015,-1.5043,-1.1685,-0.79429,-0.38184,0.068654,0.55701,1.0831,1.6466,3.2164,3.2367,3.5478,3.8994,4.2913,4.7233,5.1952,5.7067,6.2578,6.8481,0,0,0,0,0,0,0,0,0,0,0,0
3.92,0.0083481,0.35094,13.644,1.7282,0.082821,0.083582,196.74,128.43,0.971,1.566,1463,1967.8,0.789,0.306,1.335e+05,98843,0.0027789,1.7316,3.7069,5.6757,7.6372,9.5907,11.536,13.471,15.396,17.31,0.0051415,1.7199,3.6925,5.658,7.6156,9.5643,11.503,13.432,15.349,17.255,-1.7691,-1.5293,-1.216,-0.86421,-0.47407,-0.045798,0.42044,0.92447,1.4661,2.0452,3.2731,3.5231,3.8522,4.2218,4.6315,5.0812,5.5707,6.0999,6.6684,7.2761,0,0,0,0,0,0,0,0,0,0,0,0
3.96,0.0079343,0.35413,13.645,1.7423,0.081979,0.083215,196.64,128.97,0.971,1.566,1463,1967.8,0.789,0.306,1.3358e+05,98918,0.0025992,0.79584,2.7778,4.7542,6.7243,8.6872,10.642,12.589,14.526,16.453,0.0053068,0.90132,2.8811,4.8546,6.8211,8.7797,10.73,12.67,14.6,16.519,-1.6546,-1.5633,-1.2959,-0.98976,-0.64518,-0.2623,0.15875,0.61778,1.1147,1.6492,3.3783,3.4878,3.7712,4.095,4.4593,4.8637,5.3082,5.7925,6.3164,6.8798,0,0,0,0,0,0,0,0,0,0,0,0
4,0.0075341,0.35558,13.646,1.7565,0.080888,0.083215,196.54,129.51,0.971,1.566,1463,1967.8,0.789,0.306,1.3365e+05,98990,0.002522,0.32748,2.3125,4.2923,6.2662,8.2335,10.193,12.145,14.088,16.021,0.0053783,0.49214,2.4751,4.4523,6.4229,8.3861,10.341,12.287,14.223,16.148,-1.6055,-1.5719,-1.3277,-1.0447,-0.72321,-0.36332,0.03482,0.47105,0.94522,1.4572,3.4238,3.4775,3.7377,4.0385,4.3797,4.7612,5.1828,5.6443,6.1456,6.6866,0,0,0,0,0,0,0,0,0,0,0,0
4.04,0.0071435,0.35518,13.648,1.7707,0.079584,0.082348,196.43,130.04,0.971,1.566,1463,1967.8,0.789,0.306,1.3372e+05,99056,0.0024488,1.8467,3.8297,5.8073,7.7787,9.7431,11.7,13.648,15.587,17.517,0.0054424,0.082916,2.0688,4.0494,6.0239,7.9914,9.9512,11.902,13.844,15.776,-1.5589,-1.3539,-1.0942,-0.79582,-0.45901,-0.083875,0.32945,0.78081,1.2701,1.7971,3.4646,3.4723,3.7092,3.9867,4.3048,4.6633,5.0619,5.5006,5.9792,6.4975,0,0,0,0,0,0,0,0,0,0,0,0
4.08,0.0067939,0.35332,13.649,1.7849,0.07809,0.081069,196.32,130.58,0.971,1.566,1463,1967.8,0.789,0.306,1.3378e+05,99109,0.0023741,1.3806,3.3666,5.3475,7.3227,9.2914,11.253,13.206,15.151,17.086,0.00551,1.6621,3.6458,5.6239,7.5955,9.5598,11.516,13.463,15.401,17.328,-1.5113,-1.3744,-1.1379,-0.86277,-0.54907,-0.19696,0.19342,0.62194,1.0885,1.5929,3.5077,3.6856,3.94,4.235,4.5703,4.946,5.3618,5.8177,6.3133,6.8487,0,0,0,0,0,0,0,0,0,0,0,0
4.12,0.0065032,0.35028,13.651,1.799,0.076428,0.079443,196.19,131.11,0.971,1.566,1463,1967.8,0.789,0.306,1.3381e+05,99137,0.0023078,0.91439,2.9029,4.887,6.8657,8.8384,10.804,12.763,14.713,16.654,0.0055728,1.2549,3.2415,5.2229,7.1983,9.1668,11.128,13.08,15.023,16.956,-1.4692,-1.3893,-1.176,-0.9239,-0.63325,-0.30411,0.063373,0.46909,0.91291,1.3947,3.5476,3.6671,3.8984,4.1702,4.4826,4.8354,5.2283,5.6614,6.1345,6.6473,0,0,0,0,0,0,0,0,0,0,0,0
4.16,0.0062792,0.34631,13.653,1.8129,0.074509,0.077536,196.06,131.64,0.971,1.566,1463,1967.8,0.789,0.306,1.338e+05,99151,0.0021999,1.9747,3.964,5.9489,7.9286,9.9025,11.87,13.829,15.781,17.724,0.0056765,0.439,2.4304,4.4175,6.3996,8.3758,10.345,12.307,14.261,16.205,-1.4004,-1.2348,-1.0285,-0.7836,-0.50006,-0.17802,0.18242,0.58114,1.018,1.493,3.6137,3.6451,3.8304,4.0565,4.3232,4.6305,4.9781,5.3661,5.7942,6.2623,0,0,0,0,0,0,0,0,0,0,0,0
4.2,0.0060976,0.34138,13.655,1.8266,0.072178,0.077536,195.93,132.17,0.971,1.566,1463,1967.8,0.789,0.306,1.3375e+05,99147,0.0021443,1.5102,3.5017,5.4893,7.4722,9.4495,11.421,13.385,15.341,17.289,0.0057177,0.030162,2.0235,4.0131,5.9981,7.9776,9.951,11.917,13.876,15.825,-1.3651,-1.2556,-1.072,-0.84962,-0.58858,-0.28897,0.049103,0.42554,0.84025,1.2931,3.6399,3.6414,3.8041,4.0076,4.2518,4.5366,4.8619,5.2275,5.6334,6.0794,0,0,0,0,0,0,0,0,0,0,0,0
4.24,0.0059182,0.33518,13.657,1.8402,0.069552,0.075327,195.78,132.69,0.971,1.566,1463,1967.8,0.789,0.306,1.3374e+05,99179,0.0020969,1.0457,3.0391,5.0291,7.0147,8.9953,10.97,12.938,14.899,16.852,0.0057642,1.6158,3.6075,5.5951,7.5778,9.5546,11.525,13.488,15.442,17.387,-1.3349,-1.2709,-1.1097,-0.90959,-0.67081,-0.3934,-0.077457,0.27693,0.66967,1.1006,3.6695,3.7828,3.9639,4.1859,4.4484,4.7515,5.0951,5.479,5.9031,6.3672,0,0,0,0,0,0,0,0,0,0,0,0
4.28,0.0057608,0.32796,13.66,1.8534,0.066779,0.072524,195.63,133.22,0.971,1.566,1463,1967.8,0.789,0.306,1.3372e+05,99240,0.0020576,0.58111,2.5762,4.5682,6.5564,8.54,10.518,12.49,14.456,16.413,0.0058045,1.2071,3.2007,5.1907,7.1761,9.1562,11.13,13.097,15.056,17.006,-1.3099,-1.2808,-1.1416,-0.96353,-0.7467,-0.4912,-0.1971,0.13551,0.50656,0.91591,3.6952,3.7663,3.9255,4.1254,4.3661,4.6473,4.9691,5.3313,5.7338,6.1764,0,0,0,0,0,0,0,0,0,0,0,0
4.32,0.0056381,0.31977,13.663,1.8664,0.064031,0.069256,195.47,133.74,0.971,1.566,1463,1967.8,0.789,0.306,1.3367e+05,99317,0.0020263,0.11662,2.1131,4.107,6.0974,8.0836,10.065,12.041,14.01,15.972,0.005838,0.79748,2.7927,4.7847,6.7726,8.7557,10.733,12.704,14.667,16.622,-1.2899,-1.2854,-1.1679,-1.0114,-0.81623,-0.58228,-0.30968,0.0014989,0.35118,0.73926,3.7164,3.7547,3.8922,4.0705,4.2896,4.5493,4.8496,5.1904,5.5716,5.993,0,0,0,0,0,0,0,0,0,0,0,0
4.36,0.0055755,0.31085,13.667,1.879,0.061447,0.066144,195.3,134.26,0.971,1.566,1463,1967.8,0.789,0.306,1.3358e+05,99405,0.0019618,1.1867,3.1834,5.1775,7.1682,9.1548,11.137,13.113,15.082,17.045,0.0058856,1.9729,3.9682,5.9603,7.9484,9.9315,11.909,13.88,15.843,17.799,-1.2489,-1.2041,-1.0897,-0.93647,-0.7444,-0.51359,-0.24408,0.064065,0.41075,0.79579,3.7468,3.8408,3.9771,4.1542,4.3721,4.6308,4.93,5.2698,5.6499,6.0702,0,0,0,0,0,0,0,0,0,0,0,0
4.4,0.0055449,0.30122,13.67,1.8912,0.059138,0.066144,195.13,134.78,0.971,1.566,1463,1967.8,0.789,0.306,1.3348e+05,99497,0.001939,0.72359,2.7213,4.7169,6.7095,8.6983,10.683,12.662,14.635,16.601,0.0059124,1.561,3.5576,5.5514,7.5415,9.5272,11.508,13.482,15.449,17.408,-1.2344,-1.2145,-1.1203,-0.98732,-0.81547,-0.60482,-0.35543,-0.067355,0.25932,0.62444,3.7638,3.8223,3.9384,4.0953,4.293,4.5315,4.8107,5.1304,5.4906,5.8911,0,0,0,0,0,0,0,0,0,0,0,0
4.44,0.0054838,0.29042,13.675,1.9031,0.057169,0.06287,194.95,135.3,0.971,1.566,1463,1967.8,0.789,0.306,1.3348e+05,99583,0.0019236,0.26057,2.2592,4.2559,6.2501,8.2409,10.228,12.209,14.186,16.156,0.0059327,1.1477,3.1454,5.1406,7.1327,9.1206,11.104,13.081,15.052,17.015,-1.2246,-1.22,-1.1456,-1.0323,-0.88017,-0.68919,-0.45943,-0.19092,0.11625,0.46191,3.7768,3.8084,3.9048,4.042,4.22,4.4388,4.6984,4.9987,5.3394,5.7205,0,0,0,0,0,0,0,0,0,0,0,0
4.48,0.0054908,0.27979,13.679,1.9145,0.055446,0.059901,194.77,135.81,0.971,1.566,1463,1967.8,0.789,0.306,1.3344e+05,99654,0.001909,1.7969,3.7947,5.7902,7.7828,9.7716,11.756,13.735,15.708,17.674,0.0059468,0.73318,2.7317,4.7281,6.7218,8.7117,10.697,12.677,14.651,16.618,-1.2153,-1.1657,-1.0716,-0.93859,-0.76673,-0.55604,-0.30657,-0.018376,0.30838,0.67353,3.7857,3.7989,3.8761,3.9941,4.153,4.3528,4.5933,4.8746,5.1964,5.5586,0,0,0,0,0,0,0,0,0,0,0,0
4.52,0.0055596,0.26955,13.684,1.9255,0.053919,0.057084,194.58,136.33,0.971,1.566,1463,1967.8,0.789,0.306,1.334e+05,99718,0.0018934,1.3348,3.3333,5.33,7.3241,9.3148,11.301,13.283,15.259,17.229,0.0059547,0.31733,2.3164,4.3139,6.309,8.3007,10.288,12.271,14.248,16.218,-1.2053,-1.181,-1.1055,-0.99104,-0.83774,-0.64557,-0.41458,-0.14483,0.16354,0.51037,3.7908,3.7935,3.852,3.9515,4.0919,4.2731,4.4951,4.7579,5.0613,5.4052,0,0,0,0,0,0,0,0,0,0,0,0
4.56,0.005687,0.26001,13.689,1.936,0.052592,0.054982,194.38,136.84,0.971,1.566,1463,1967.8,0.789,0.306,1.3333e+05,99771,0.0018823,0.41068,2.4103,4.4087,6.4052,8.399,10.389,12.376,14.357,16.332,0.0059693,1.4818,3.4808,5.478,7.4726,9.4639,11.451,13.433,15.409,17.378,-1.1982,-1.198,-1.1581,-1.0792,-0.96144,-0.80473,-0.60911,-0.37465,-0.10148,0.21027,3.8001,3.817,3.8809,3.9857,4.1315,4.3181,4.5456,4.8138,5.1226,5.4718,0,0,0,0,0,0,0,0,0,0,0,0
4.6,0.0058381,0.25132,13.694,1.9463,0.051363,0.054982,194.18,137.35,0.971,1.566,1463,1967.8,0.789,0.306,1.3329e+05,99813,0.0018847,1.9487,3.9477,5.9451,7.9402,9.9321,11.92,13.904,15.882,17.854,0.0059729,1.0626,3.062,5.06,7.0558,9.0486,11.037,13.022,15,16.972,-1.1998,-1.1775,-1.1156,-1.0148,-0.87502,-0.69632,-0.47875,-0.22241,0.072537,0.40597,3.8023,3.8055,3.8524,3.9402,4.069,4.2387,4.4493,4.7007,4.9927,5.3252,0,0,0,0,0,0,0,0,0,0,0,0
4.64,0.0059713,0.24331,13.699,1.9561,0.050126,0.053229,193.98,137.86,0.971,1.566,1463,1967.8,0.789,0.306,1.3329e+05,99841,0.001881,1.4871,3.4865,5.4847,7.4809,9.4742,11.464,13.45,15.43,17.405,0.0059707,0.64223,2.642,4.6407,6.6375,8.6316,10.622,12.608,14.589,16.564,-1.1974,-1.1927,-1.1473,-1.063,-0.93974,-0.77752,-0.57638,-0.33645,-0.057862,0.25926,3.801,3.7976,3.828,3.8993,4.0116,4.1648,4.359,4.5939,4.8696,5.1857,0,0,0,0,0,0,0,0,0,0,0,0
4.68,0.0061012,0.23632,13.704,1.9657,0.048843,0.051613,193.76,138.36,0.971,1.566,1463,1967.8,0.789,0.306,1.3328e+05,99854,0.0018833,1.0255,3.0252,5.024,7.0211,9.0157,11.007,12.995,14.977,16.954,0.005963,0.22087,2.2208,4.22,6.2176,8.2129,10.205,12.193,14.176,16.153,-1.1989,-1.2039,-1.1746,-1.1064,-0.9992,-0.85304,-0.66793,-0.444,-0.18136,0.11987,3.796,3.7932,3.8074,3.8627,3.9589,4.096,4.2742,4.4931,4.7528,5.0531,0,0,0,0,0,0,0,0,0,0,0,0
4.72,0.0062113,0.23013,13.709,1.9751,0.047534,0.050011,193.55,138.86,0.971,1.566,1463,1967.8,0.789,0.306,1.3326e+05,99856,0.0019056,0.10231,2.1023,4.1019,6.1004,8.0971,10.091,12.082,14.068,16.05,0.0059515,1.3755,3.3753,5.3742,7.3713,9.3659,11.357,13.344,15.326,17.301,-1.2131,-1.2151,-1.217,-1.1799,-1.1037,-0.9886,-0.83448,-0.64147,-0.40968,-0.13924,3.7887,3.7772,3.8013,3.8665,3.9726,4.1197,4.3078,4.5366,4.806,5.116,0,0,0,0,0,0,0,0,0,0,0,0
4.76,0.0062948,0.2245,13.714,1.9841,0.046258,0.048393,193.33,139.37,0.971,1.566,1463,1967.8,0.789,0.306,1.3323e+05,99853,0.0019142,1.6407,3.6405,5.6396,7.637,9.6322,11.624,13.612,15.596,17.574,0.0059414,0.95148,2.9514,4.9508,6.9487,8.9442,10.937,12.925,14.909,16.887,-1.2186,-1.2324,-1.2103,-1.1492,-1.0491,-0.91001,-0.73197,-0.51514,-0.2596,0.034533,3.7823,3.7672,3.7763,3.8264,3.9175,4.0496,4.2227,4.4365,4.6911,4.9862,0,0,0,0,0,0,0,0,0,0,0,0
4.8,0.0063276,0.21904,13.719,1.993,0.045129,0.048393,193.1,139.87,0.971,1.566,1463,1967.8,0.789,0.306,1.332e+05,99846,0.0019252,1.179,3.179,5.1784,7.1766,9.1727,11.166,13.156,15.141,17.121,0.0059262,0.5267,2.5267,4.5263,6.5248,8.5213,10.515,12.505,14.491,16.471,-1.2256,-1.2442,-1.2368,-1.1905,-1.1051,-0.98067,-0.81732,-0.61513,-0.37421,-0.094651,3.7726,3.7605,3.7548,3.7902,3.8665,3.984,4.1423,4.3416,4.5815,4.862,0,0,0,0,0,0,0,0,0,0,0,0
4.84,0.0062884,0.21335,13.725,2.0016,0.044091,0.046816,192.87,140.36,0.971,1.566,1463,1967.8,0.789,0.306,1.3321e+05,99837,0.0019416,0.71736,2.7173,4.717,6.7157,8.7127,10.707,12.698,14.685,16.668,0.0059059,0.10118,2.101,4.1009,6.0999,8.0972,10.092,12.083,14.071,16.053,-1.236,-1.2525,-1.2596,-1.2277,-1.1567,-1.0467,-0.89771,-0.70989,-0.4833,-0.21804,3.7597,3.7568,3.7367,3.7577,3.8196,3.9226,4.0666,4.2515,4.4771,4.7433,0,0,0,0,0,0,0,0,0,0,0,0
4.88,0.0062378,0.20795,13.73,2.0101,0.043072,0.045337,192.64,140.86,0.971,1.566,1463,1967.8,0.789,0.306,1.3321e+05,99827,0.0019632,0.25568,2.2555,4.2554,6.2546,8.2523,10.248,12.24,14.229,16.213,0.0058915,1.6746,3.6746,5.6739,7.6719,9.6677,11.66,13.649,15.633,17.611,-1.2498,-1.2574,-1.2786,-1.2608,-1.204,-1.1081,-0.97321,-0.79946,-0.58692,-0.33567,3.7506,3.722,3.7288,3.7766,3.8655,3.9954,4.1662,4.3777,4.63,4.9228,0,0,0,0,0,0,0,0,0,0,0,0
4.92,0.0061883,0.20292,13.735,2.0183,0.042051,0.043983,192.4,141.36,0.971,1.566,1463,1967.8,0.789,0.306,1.332e+05,99819,0.0020011,1.3318,3.3317,5.3315,7.3303,9.3273,11.322,13.313,15.301,17.283,0.0058547,0.81944,2.8193,4.8192,6.8182,8.8155,10.81,12.802,14.789,16.771,-1.2739,-1.3063,-1.3159,-1.2864,-1.2179,-1.1104,-0.96398,-0.77871,-0.55467,-0.29195,3.7271,3.702,3.6814,3.7018,3.7633,3.8658,4.0093,4.1936,4.4186,4.6843,0,0,0,0,0,0,0,0,0,0,0,0
4.96,0.0061438,0.19823,13.74,2.0263,0.041049,0.042709,192.15,141.85,0.971,1.566,1463,1967.8,0.789,0.306,1.3319e+05,99812,0.0020236,0.86981,2.8697,4.8696,6.8688,8.8665,10.862,12.855,14.843,16.828,0.0058293,0.3908,2.3905,4.3904,6.3898,8.3878,10.384,12.376,14.365,16.349,-1.2882,-1.3151,-1.338,-1.3219,-1.2666,-1.1724,-1.0392,-0.86717,-0.65634,-0.4068,3.7109,3.6965,3.6626,3.6697,3.718,3.8072,3.9374,4.1085,4.3203,4.5728,0,0,0,0,0,0,0,0,0,0,0,0
5,0.0060848,0.19379,13.745,2.0339,0.042709,0.042709,191.91,142.33,0.971,1.566,1463,1967.8,0.789,0.306,1.3318e+05,99804,0.0020509,0.40785,2.4075,4.4075,6.407,8.4053,10.402,12.395,14.385,16.371,0.0058009,1.9609,3.9609,5.9605,7.959,9.9556,11.949,13.939,15.925,17.905,-1.3056,-1.3208,-1.3568,-1.3536,-1.3114,-1.2302,-1.11,-0.95098,-0.7531,-0.51649,3.6928,3.6469,3.641,3.6762,3.7525,3.8697,4.0277,4.2266,4.4662,4.7464,0,0,0,0,0,0,0,0,0,0,0,0
