0.04,9.975e-05,0.0037976,16.656,2.4129,0.093684,0,165.24,175.8,0.971,1.566,1463,1967.8,0.789,0.306,1.3505e+05,97960,0.0039175,1.2333,3.232,5.229,7.2234,9.2145,11.202,13.184,15.161,17.131,0.0039328,0.17803,2.1773,4.1751,6.1705,8.1627,10.151,12.134,14.112,16.083,-2.4939,-2.4744,-2.4036,-2.2938,-2.1452,-1.9577,-1.7314,-1.4663,-1.1625,-0.82015,2.5036,2.5046,2.5574,2.6512,2.7858,2.9614,3.1777,3.4349,3.7327,4.0711,0,0,0,0,0,0,0,0,0,0,0,0
0.08,0.005696,0.098042,16.638,2.4144,0.095474,0.090757,164.74,176.24,0.971,1.566,1463,1967.8,0.789,0.306,1.3572e+05,96260,0.0039049,0.56401,2.5628,4.5599,6.5546,8.546,10.533,12.516,14.493,16.464,0.0039505,1.515,3.5129,5.5085,7.501,9.4895,11.473,13.451,15.423,17.387,-2.4859,-2.4777,-2.4097,-2.3028,-2.1569,-1.9722,-1.7486,-1.4863,-1.1852,-0.84563,2.5149,2.5527,2.6437,2.7756,2.9483,3.1619,3.4163,3.7114,4.047,4.423,1,0,0,0,40.136,0,0,0,8.6384,0,0,0
0.12,0.007617,0.2011,16.619,2.4207,0.091857,0.071486,164.24,176.68,0.971,1.566,1463,1967.8,0.789,0.306,1.2984e+05,92834,0.0039005,1.883,3.8807,5.8762,7.8687,9.8575,11.842,13.821,15.794,17.76,0.0039609,0.86593,2.8643,4.8607,6.8542,8.8441,10.829,12.809,14.783,16.749,-2.4831,-2.4307,-2.3361,-2.2026,-2.0301,-1.8189,-1.5688,-1.2799,-0.95255,-0.58674,2.5215,2.5377,2.6164,2.7359,2.8964,3.0977,3.3398,3.6227,3.9461,4.31,2,0,0,0,39.523,0,0,0,8.382,0,0,0
0.16,0.0061008,0.26391,16.605,2.43,0.083743,0.094027,163.73,177.11,0.971,1.566,1463,1967.8,0.789,0.306,1.335e+05,94988,0.0038839,1.1962,3.1947,5.1913,7.1854,9.176,11.163,13.144,15.12,17.09,0.0039658,0.22519,2.2242,4.2216,6.2166,8.2081,10.196,12.178,14.154,16.124,-2.4725,-2.4503,-2.3741,-2.259,-2.105,-1.9121,-1.6804,-1.4099,-1.1008,-0.75319,2.5246,2.5267,2.5869,2.688,2.83,3.0129,3.2367,3.5012,3.8064,4.152,2,0,0,0,38.935,0,0,0,8.0092,0,0,0
0.2,0.005006,0.32784,16.586,2.442,0.07382,0.094027,163.22,177.54,0.971,1.566,1463,1967.8,0.789,0.306,1.3425e+05,96032,0.0038755,0.50354,2.5028,4.5007,6.4964,8.4892,10.478,12.463,14.442,16.416,0.0039758,1.5914,3.5899,5.5864,7.58,9.5699,11.555,13.535,15.509,17.476,-2.4671,-2.4638,-2.4113,-2.3199,-2.1896,-2.0203,-1.8122,-1.5653,-1.2797,-0.9555,2.531,2.5599,2.6374,2.7557,2.9149,3.1151,3.356,3.6377,3.9599,4.3224,2,0,0,0,38.364,0,0,0,7.5405,0,0,0
0.24,0.0018575,0.35917,16.571,2.4558,0.064719,0.085037,162.71,177.96,0.971,1.566,1463,1967.8,0.789,0.306,1.3606e+05,97726,0.0038704,1.8067,3.8057,5.803,7.7979,9.7897,11.778,13.761,15.739,17.71,0.0039845,0.964,2.9633,4.9612,6.9568,8.9493,10.938,12.922,14.9,16.871,-2.4639,-2.4414,-2.3775,-2.2746,-2.1329,-1.9521,-1.7326,-1.4742,-1.1773,-0.84191,2.5365,2.5408,2.5907,2.6816,2.8134,2.9861,3.1997,3.4541,3.749,4.0844,2,0,0,0,37.802,0,0,0,7.0084,0,0,0
0.28,-0.0017328,0.36732,16.557,2.4704,0.056645,0.074385,162.2,178.38,0.971,1.566,1463,1967.8,0.789,0.306,1.3842e+05,99196,0.0038597,1.1089,3.1086,5.1072,7.104,9.0982,11.089,13.076,15.058,17.034,0.0039853,0.33915,2.339,4.338,6.3353,8.3301,10.322,12.309,14.291,16.267,-2.4571,-2.4594,-2.4247,-2.3509,-2.2383,-2.0866,-1.8961,-1.6667,-1.3987,-1.0921,2.5371,2.5337,2.5544,2.6162,2.7188,2.8625,3.047,3.2724,3.5384,3.845,2,0,0,0,37.238,0,0,0,6.457,0,0,0
0.32,-0.0050622,0.35923,16.544,2.485,0.049659,0.06337,161.68,178.79,0.971,1.566,1463,1967.8,0.789,0.306,1.3978e+05,99413,0.0038597,0.41151,2.4115,4.4109,6.4091,8.4053,10.399,12.389,14.374,16.355,0.003987,1.7148,3.7145,5.7131,7.7098,9.7037,11.694,13.68,15.66,17.635,-2.4571,-2.4639,-2.4583,-2.4138,-2.3302,-2.2077,-2.0462,-1.8459,-1.6068,-1.3291,2.5381,2.531,2.5635,2.637,2.7516,2.9071,3.1034,3.3405,3.6182,3.9363,2,0,0,0,36.667,0,0,0,5.9176,0,0,0
0.36,-0.0077402,0.34064,16.532,2.499,0.043804,0.053809,161.15,179.19,0.971,1.566,1463,1967.8,0.789,0.306,1.3886e+05,99241,0.0038623,1.7158,3.7157,5.7149,7.7126,9.7081,11.701,13.689,15.674,17.653,0.0039904,1.0894,3.0893,5.0887,7.0868,9.0827,11.076,13.065,15.049,17.028,-2.4587,-2.4779,-2.4614,-2.4059,-2.3113,-2.1778,-2.0053,-1.7941,-1.5442,-1.2557,2.5403,2.5205,2.525,2.5705,2.6571,2.7846,2.9531,3.1623,3.4122,3.7026,2,0,0,0,36.086,0,0,0,5.4109,0,0,0
0.4,-0.0097291,0.31517,16.521,2.5121,0.038997,0.053809,160.62,179.59,0.971,1.566,1463,1967.8,0.789,0.306,1.375e+05,98377,0.0038642,1.0227,3.0226,5.0223,7.0211,9.0182,11.013,13.004,14.992,16.974,0.0039836,0.46185,2.4617,4.4615,6.4606,8.458,10.453,12.444,14.432,16.414,-2.46,-2.4847,-2.4944,-2.465,-2.3966,-2.2892,-2.1428,-1.9577,-1.7338,-1.4712,2.536,2.5216,2.5,2.5193,2.5797,2.6811,2.8235,3.0066,3.2306,3.4951,2,0,0,0,35.493,0,0,0,4.9482,0,0,0
0.44,-0.0111,0.28529,16.512,2.5241,0.035042,0.045846,160.09,179.98,0.971,1.566,1463,1967.8,0.789,0.306,1.3651e+05,97609,0.0038781,0.33257,2.3322,4.3322,6.3316,8.3298,10.326,12.32,14.309,16.295,0.0039716,1.8314,3.8313,5.8309,7.8294,9.8258,11.819,13.809,15.795,17.775,-2.4688,-2.4808,-2.5144,-2.509,-2.4646,-2.3812,-2.2588,-2.0975,-1.8974,-1.6587,2.5283,2.4866,2.482,2.5183,2.5958,2.7142,2.8735,3.0735,3.3143,3.5956,2,0,0,0,34.89,0,0,0,4.5333,0,0,0
0.48,-0.011688,0.25555,16.503,2.5349,0.031856,0.039483,159.56,180.37,0.971,1.566,1463,1967.8,0.789,0.306,1.3563e+05,97397,0.0038928,1.6448,3.6447,5.6445,7.6435,9.641,11.636,13.628,15.616,17.6,0.0039635,1.1983,3.1981,5.198,7.1971,9.1947,11.19,13.182,15.17,17.153,-2.4782,-2.5236,-2.5399,-2.5172,-2.4554,-2.3547,-2.215,-2.0366,-1.8193,-1.5634,2.5232,2.4829,2.4566,2.4713,2.527,2.6238,2.7614,2.9399,3.1591,3.419,2,0,0,0,34.277,0,0,0,4.1662,0,0,0
0.52,-0.011546,0.22722,16.496,2.5446,0.02941,0.034682,159.02,180.75,0.971,1.566,1463,1967.8,0.789,0.306,1.3487e+05,97493,0.0039087,0.96055,2.9602,4.9601,6.9596,8.9579,10.954,12.948,14.938,16.924,0.0039447,0.56254,2.562,4.5619,6.5615,8.56,10.556,12.55,14.54,16.525,-2.4883,-2.524,-2.5598,-2.5564,-2.514,-2.4327,-2.3124,-2.1532,-1.9552,-1.7185,2.5112,2.4869,2.4412,2.4365,2.4729,2.5502,2.6686,2.8277,3.0277,3.2683,2,0,0,0,33.656,0,0,0,3.8455,0,0,0
0.56,-0.010793,0.20123,16.49,2.5531,0.027664,0.031124,158.47,181.12,0.971,1.566,1463,1967.8,0.789,0.306,1.3422e+05,97721,0.0039353,0.27925,2.2785,4.2784,6.2782,8.2771,10.274,12.269,14.261,16.249,0.003918,1.9232,3.923,5.9229,7.9219,9.9193,11.914,13.906,15.893,17.876,-2.5052,-2.5179,-2.5708,-2.5846,-2.5594,-2.4952,-2.392,-2.25,-2.0691,-1.8494,2.4942,2.4338,2.4119,2.4311,2.4913,2.5925,2.7345,2.9174,3.141,3.4053,2,0,0,0,33.028,0,0,0,3.5673,0,0,0
0.6,-0.0096233,0.17792,16.484,2.5607,0.026568,0.031124,157.93,181.49,0.971,1.566,1463,1967.8,0.789,0.306,1.3374e+05,97972,0.0039594,1.5995,3.5992,5.5992,7.5985,9.5966,11.592,13.586,15.575,17.56,0.0038996,1.2821,3.2817,5.2817,7.2811,9.2792,11.275,13.268,15.257,17.242,-2.5206,-2.5749,-2.6039,-2.5939,-2.5448,-2.4568,-2.3299,-2.1641,-1.9595,-1.7162,2.4825,2.4325,2.3955,2.3995,2.4446,2.5306,2.6575,2.8253,3.0338,3.2831,2,0,0,0,32.394,0,0,0,3.3269,0,0,0
0.64,-0.0082,0.15762,16.48,2.5673,0.025986,0.028626,157.38,181.85,0.971,1.566,1463,1967.8,0.789,0.306,1.3351e+05,98205,0.0039845,0.92288,2.9224,4.9223,6.922,8.9205,10.917,12.911,14.902,16.889,0.0038719,0.63909,2.6384,4.6383,6.638,8.6367,10.633,12.627,14.618,16.604,-2.5365,-2.574,-2.6165,-2.6199,-2.5842,-2.5096,-2.3961,-2.2437,-2.0525,-1.8225,2.4649,2.4358,2.3853,2.3759,2.4075,2.4801,2.5936,2.748,2.9432,3.1791,2,0,0,0,31.757,0,0,0,3.1183,0,0,0
0.68,-0.0065968,0.14168,16.477,2.5733,0.025801,0.027081,156.83,182.22,0.971,1.566,1463,1967.8,0.789,0.306,1.3336e+05,98412,0.0040182,0.24824,2.2475,4.2474,6.2472,8.2462,10.244,12.239,14.23,16.219,0.0038361,1.9934,3.9933,5.9931,7.9922,9.9896,11.984,13.976,15.963,17.946,-2.558,-2.5694,-2.6238,-2.6392,-2.6156,-2.553,-2.4515,-2.311,-2.1317,-1.9137,2.442,2.3798,2.3584,2.3781,2.4387,2.5402,2.6826,2.8659,3.0899,3.3547,2,0,0,0,31.116,0,0,0,2.9355,0,0,0
0.72,-0.0049586,0.13001,16.474,2.5787,0.025909,0.026332,156.27,182.57,0.971,1.566,1463,1967.8,0.789,0.306,1.3326e+05,98598,0.0040466,1.5741,3.5739,5.5738,7.5731,9.571,11.567,13.56,15.549,17.534,0.0038128,1.3472,3.3469,5.3469,7.3462,9.3441,11.34,13.332,15.321,17.305,-2.576,-2.6274,-2.6536,-2.6409,-2.5892,-2.4985,-2.3689,-2.2005,-1.9932,-1.7471,2.4272,2.3779,2.3456,2.3544,2.4041,2.4948,2.6263,2.7987,3.012,3.266,2,0,0,0,30.472,0,0,0,2.7728,0,0,0
0.76,-0.0034166,0.12225,16.472,2.5838,0.026176,0.026178,155.71,182.92,0.971,1.566,1463,1967.8,0.789,0.306,1.3324e+05,98763,0.0040748,0.90181,2.9014,4.9014,6.9009,8.8993,10.896,12.889,14.88,16.866,0.0037823,0.70019,2.6997,4.6997,6.6992,8.6976,10.694,12.687,14.677,16.662,-2.594,-2.6279,-2.6643,-2.6617,-2.62,-2.5394,-2.4199,-2.2615,-2.0643,-1.8282,2.4078,2.3787,2.3363,2.335,2.3746,2.4552,2.5767,2.739,2.9422,3.1862,2,0,0,0,29.827,0,0,0,2.6244,0,0,0
0.8,-0.0020682,0.1178,16.47,2.5885,0.026486,0.026178,155.16,183.27,0.971,1.566,1463,1967.8,0.789,0.306,1.3329e+05,98907,0.00411,0.23028,2.2297,4.2297,6.2294,8.2281,10.225,12.219,14.211,16.198,0.0037449,0.052667,2.0519,4.0519,6.0516,8.0503,10.047,12.041,14.032,16.018,-2.6164,-2.626,-2.672,-2.679,-2.6469,-2.5759,-2.466,-2.3172,-2.1295,-1.903,2.384,2.3817,2.3297,2.3188,2.3488,2.4198,2.5317,2.6845,2.8781,3.1126,2,0,0,0,29.18,0,0,0,2.4855,0,0,0
0.84,-0.00095558,0.11627,16.469,2.5932,0.026831,0.026381,154.59,183.62,0.971,1.566,1463,1967.8,0.789,0.306,1.3335e+05,99026,0.0041379,1.5584,3.5582,5.5581,7.5571,9.5545,11.55,13.542,15.53,17.513,0.0037205,1.404,3.4038,5.4037,7.4027,9.4,11.395,13.386,15.374,17.356,-2.6342,-2.6772,-2.6935,-2.6709,-2.6092,-2.5086,-2.3692,-2.1908,-1.9736,-1.7176,2.3685,2.3255,2.3052,2.3258,2.3875,2.49,2.6335,2.8178,3.043,3.3089,2,0,0,0,28.532,0,0,0,2.3522,0,0,0
0.88,-0.0001359,0.11634,16.468,2.5979,0.027245,0.026389,154.03,183.96,0.971,1.566,1463,1967.8,0.789,0.306,1.3342e+05,99118,0.004165,0.8871,2.8869,4.8868,6.8861,8.884,10.88,12.873,14.862,16.846,0.0036917,0.75598,2.7557,4.7557,6.7549,8.7527,10.748,12.74,14.729,16.712,-2.6514,-2.68,-2.7056,-2.6923,-2.6399,-2.5486,-2.4184,-2.2493,-2.0414,-1.7946,2.3501,2.3235,2.2939,2.3053,2.3576,2.4509,2.5851,2.7601,2.976,3.2328,2,0,0,0,27.884,0,0,0,2.222,0,0,0
0.92,0.00043482,0.11768,16.468,2.6025,0.027728,0.026778,153.47,184.3,0.971,1.566,1463,1967.8,0.789,0.306,1.3348e+05,99182,0.0041979,0.21582,2.2155,4.2154,6.2149,8.2132,10.21,12.203,14.193,16.179,0.0036572,0.10809,2.1077,4.1076,6.1071,8.1053,10.101,12.094,14.084,16.068,-2.6724,-2.6802,-2.7152,-2.7112,-2.6682,-2.5863,-2.4654,-2.3056,-2.1069,-1.8694,2.3282,2.324,2.285,2.287,2.33,2.4139,2.5388,2.7045,2.9111,3.1586,2,0,0,0,27.235,0,0,0,2.0935,0,0,0
0.96,0.00078035,0.11986,16.467,2.6073,0.02822,0.027234,152.9,184.64,0.971,1.566,1463,1967.8,0.789,0.306,1.3353e+05,99227,0.0042223,1.5438,3.5438,5.5435,7.5422,9.539,11.533,13.524,15.511,17.493,0.0036347,1.4598,3.4597,5.4594,7.458,9.4546,11.448,13.439,15.424,17.405,-2.6879,-2.7222,-2.7277,-2.6942,-2.6217,-2.5103,-2.36,-2.1708,-1.9427,-1.6759,2.3139,2.2786,2.2711,2.3045,2.379,2.4944,2.6506,2.8478,3.0858,3.3646,2,0,0,0,26.586,0,0,0,1.9657,0,0,0
1,0.00094357,0.12251,16.467,2.6121,0.028689,0.027234,152.33,184.97,0.971,1.566,1463,1967.8,0.789,0.306,1.3357e+05,99253,0.0042458,0.87194,2.8718,4.8717,6.8707,8.868,10.863,12.855,14.843,16.826,0.0036102,0.81212,2.812,4.8118,6.8108,8.8079,10.803,12.794,14.781,16.762,-2.7029,-2.7264,-2.7416,-2.7178,-2.655,-2.5533,-2.4127,-2.2331,-2.0147,-1.7574,2.2983,2.2747,2.2576,2.2813,2.3461,2.4518,2.5984,2.7859,3.0143,3.2834,2,0,0,0,25.937,0,0,0,1.8379,0,0,0
1.04,0.0009896,0.12568,16.468,2.6171,0.029095,0.027839,151.76,185.3,0.971,1.566,1463,1967.8,0.789,0.306,1.3358e+05,99261,0.0042748,0.1997,2.1995,4.1994,6.1987,8.1966,10.192,12.185,14.174,16.159,0.0035805,0.16472,2.1645,4.1644,6.1636,8.1613,10.157,12.149,14.137,16.12,-2.7213,-2.7276,-2.7527,-2.7388,-2.686,-2.5942,-2.4635,-2.2938,-2.0852,-1.8378,2.2793,2.2738,2.2467,2.2606,2.3154,2.4112,2.5479,2.7255,2.944,3.2033,2,0,0,0,25.287,0,0,0,1.7101,0,0,0
1.08,0.0009367,0.12888,16.468,2.6222,0.029437,0.028463,151.19,185.63,0.971,1.566,1463,1967.8,0.789,0.306,1.3357e+05,99257,0.0042945,1.5268,3.5268,5.5263,7.5246,9.5209,11.514,13.505,15.49,17.471,0.0035611,1.5172,3.5172,5.5166,7.5148,9.5107,11.504,13.493,15.477,17.456,-2.7339,-2.7608,-2.7571,-2.7144,-2.6328,-2.5122,-2.3527,-2.1542,-1.917,-1.641,2.267,2.2388,2.2424,2.2871,2.3727,2.4992,2.6667,2.8752,3.1244,3.4142,2,0,0,0,24.637,0,0,0,1.5824,0,0,0
1.12,0.00081365,0.13189,16.469,2.6274,0.02972,0.029026,150.62,185.95,0.971,1.566,1463,1967.8,0.789,0.306,1.3354e+05,99184,0.0043138,0.85368,2.8536,4.8533,6.852,8.849,10.843,12.834,14.822,16.804,0.0035416,0.87016,2.8701,4.8698,6.8683,8.8649,10.859,12.849,14.835,16.815,-2.7462,-2.7656,-2.7723,-2.7401,-2.6689,-2.5587,-2.4096,-2.2215,-1.9945,-1.7289,2.2546,2.2339,2.2272,2.2614,2.3366,2.4528,2.6099,2.8079,3.0468,3.3263,2,1,0,0,23.986,24.538,0,0,1.4548,-0.98311,0,0
1.16,0.00064702,0.13458,16.47,2.6328,0.029946,0.029453,150.04,186.28,0.971,1.566,1463,1967.8,0.789,0.306,1.3351e+05,99120,0.0043385,0.1802,2.1801,4.1799,6.179,8.1765,10.172,12.164,14.152,16.136,0.0035169,0.22333,2.2232,4.223,6.222,8.2192,10.214,12.205,14.192,16.174,-2.7619,-2.7669,-2.7843,-2.7627,-2.7021,-2.6026,-2.4641,-2.2866,-2.0703,-1.8152,2.2389,2.2325,2.2151,2.2386,2.3032,2.4087,2.5552,2.7426,2.9709,3.2398,2,1,0,0,23.335,23.874,0,0,1.3279,-1.1129,0,0
1.2,0.00046834,0.13687,16.471,2.6382,0.030137,0.029453,149.47,186.59,0.971,1.566,1463,1967.8,0.789,0.306,1.3348e+05,99135,0.0043536,1.5062,3.5061,5.5055,7.5035,9.4994,11.492,13.482,15.467,17.447,0.0035006,1.5765,3.5764,5.5756,7.5734,9.5687,11.561,13.549,15.532,17.51,-2.7715,-2.7927,-2.782,-2.7323,-2.6436,-2.5159,-2.3493,-2.1438,-1.8994,-1.6165,2.2285,2.2063,2.219,2.2727,2.3673,2.503,2.6796,2.8971,3.1553,3.4541,2,1,0,0,22.683,23.209,0,0,1.2021,-1.2416,0,0
1.24,0.00030369,0.13881,16.472,2.6437,0.030334,0.029802,148.89,186.91,0.971,1.566,1463,1967.8,0.789,0.306,1.3346e+05,99183,0.0043688,0.83196,2.8319,4.8315,6.83,8.8265,10.82,12.811,14.797,16.779,0.0034861,0.92982,2.9298,4.9293,6.9275,8.9236,10.917,12.906,14.891,16.87,-2.7812,-2.7975,-2.7978,-2.7591,-2.6814,-2.5648,-2.4091,-2.2146,-1.9812,-1.7092,2.2192,2.201,2.2027,2.2454,2.329,2.4536,2.6193,2.8258,3.073,3.3609,2,1,0,0,22.03,22.543,0,0,1.0781,-1.3684,0,0
1.28,0.00015458,0.1403,16.473,2.6493,0.030566,0.030069,148.31,187.22,0.971,1.566,1463,1967.8,0.789,0.306,1.3345e+05,99241,0.0043898,0.15748,2.1574,4.1572,6.1561,8.1532,10.148,12.14,14.127,16.11,0.003466,0.28325,2.2832,4.2829,6.2816,8.2783,10.272,12.263,14.249,16.229,-2.7946,-2.7984,-2.8099,-2.7824,-2.7159,-2.6104,-2.4658,-2.2824,-2.0601,-1.7991,2.2065,2.1994,2.1899,2.2214,2.2939,2.4074,2.5619,2.7573,2.9935,3.2703,2,1,0,0,21.377,21.876,0,0,0.9564,-1.4929,0,0
1.32,3.217e-05,0.14148,16.474,2.6549,0.030825,0.030343,147.73,187.53,0.971,1.566,1463,1967.8,0.789,0.306,1.3344e+05,99296,0.0044006,1.4827,3.4826,5.4818,7.4795,9.475,11.468,13.456,15.441,17.42,0.0034523,1.6366,3.6365,5.6355,7.6328,9.6277,11.619,13.606,15.589,17.565,-2.8014,-2.8182,-2.802,-2.7467,-2.6525,-2.5192,-2.347,-2.1359,-1.8861,-1.5977,2.1977,2.1808,2.201,2.2623,2.3645,2.5078,2.692,2.9169,3.1826,3.4888,2,1,0,0,20.723,21.208,0,0,0.83729,-1.6148,0,0
1.36,-6.0672e-05,0.14246,16.476,2.6606,0.031094,0.030646,147.14,187.84,0.971,1.566,1463,1967.8,0.789,0.306,1.3344e+05,99339,0.0044125,0.80769,2.8077,4.8071,6.8054,8.8016,10.795,12.785,14.771,16.751,0.003442,0.99002,2.99,4.9893,6.9872,8.9828,10.975,12.964,14.948,16.926,-2.809,-2.8227,-2.8178,-2.7739,-2.691,-2.569,-2.4081,-2.2083,-1.9698,-1.6926,2.1912,2.1753,2.1842,2.2341,2.325,2.4569,2.6298,2.8435,3.0979,3.3929,2,1,0,0,20.069,20.54,0,0,0.72107,-1.7337,0,0
1.4,-0.00012188,0.14338,16.477,2.6663,0.031327,0.030646,146.56,188.14,0.971,1.566,1463,1967.8,0.789,0.306,1.3345e+05,99368,0.0044303,0.13253,2.1325,4.1322,6.1309,8.1278,10.122,12.113,14.1,16.082,0.003426,0.34344,2.3434,4.343,6.3414,8.3377,10.331,12.321,14.306,16.286,-2.8203,-2.8232,-2.8298,-2.7973,-2.7258,-2.6153,-2.4658,-2.2774,-2.0502,-1.7844,2.181,2.1736,2.1711,2.2095,2.289,2.4095,2.571,2.7733,3.0164,3.3,2,1,0,0,19.413,19.87,0,0,0.60785,-1.8496,0,0
1.44,-0.00015094,0.1444,16.479,2.6721,0.031524,0.030965,145.97,188.44,0.971,1.566,1463,1967.8,0.789,0.306,1.3344e+05,99388,0.0044374,1.4571,3.457,5.456,7.4535,9.4487,11.441,13.429,15.413,17.391,0.0034142,1.6968,3.6966,5.6954,7.6924,9.6867,11.678,13.664,15.645,17.621,-2.8248,-2.8379,-2.817,-2.757,-2.658,-2.5199,-2.343,-2.1273,-1.8728,-1.5798,2.1735,2.1616,2.1885,2.2565,2.3655,2.5155,2.7064,2.938,3.2103,3.5231,2,1,0,0,18.758,19.2,0,0,0.4977,-1.9623,0,0
1.48,-0.0001665,0.14541,16.481,2.6779,0.031713,0.031263,145.38,188.74,0.971,1.566,1463,1967.8,0.789,0.306,1.3344e+05,99403,0.0044465,0.78148,2.7814,4.7808,6.7789,8.7748,10.768,12.757,14.743,16.723,0.0034076,1.0502,3.0501,5.0492,7.0468,9.042,11.034,13.022,15.005,16.982,-2.8307,-2.8422,-2.8328,-2.7844,-2.697,-2.5705,-2.4051,-2.2009,-1.958,-1.6764,2.1693,2.1558,2.1712,2.2276,2.3251,2.4635,2.6428,2.8629,3.1237,3.425,2,1,0,0,18.101,18.529,0,0,0.39065,-2.0719,0,0
1.52,-0.00017574,0.1464,16.483,2.6837,0.031905,0.03154,144.79,189.03,0.971,1.566,1463,1967.8,0.789,0.306,1.3344e+05,99415,0.0044619,0.10567,2.1056,4.1053,6.1038,8.1005,10.095,12.085,14.072,16.053,0.0033951,0.40351,2.4035,4.4029,6.4011,8.397,10.39,12.379,14.363,16.342,-2.8404,-2.8425,-2.8448,-2.8081,-2.7323,-2.6174,-2.4637,-2.2711,-2.0397,-1.7697,2.1613,2.1539,2.1575,2.2023,2.2881,2.4149,2.5826,2.7911,3.0403,3.3301,2,1,0,0,17.444,17.858,0,0,0.28673,-2.1782,0,0
1.56,-0.00018441,0.14735,16.485,2.6896,0.032098,0.031782,144.2,189.32,0.971,1.566,1463,1967.8,0.789,0.306,1.3343e+05,99425,0.0044657,1.4296,3.4294,5.4284,7.4257,9.4206,11.412,13.4,15.383,17.361,0.0033847,1.7568,3.7565,5.7551,7.7518,9.7456,11.736,13.722,15.702,17.677,-2.8429,-2.8529,-2.8279,-2.7638,-2.6607,-2.5187,-2.3378,-2.1181,-1.8597,-1.5628,2.1547,2.1476,2.1806,2.2547,2.3698,2.5258,2.7226,2.9601,3.2383,3.557,2,1,0,0,16.786,17.185,0,0,0.18598,-2.2814,0,0
1.6,-0.00019243,0.14827,16.487,2.6955,0.03228,0.031782,143.61,189.61,0.971,1.566,1463,1967.8,0.789,0.306,1.3343e+05,99435,0.0044727,0.75333,2.7533,4.7525,6.7504,8.7461,10.739,12.728,14.713,16.692,0.0033812,1.1101,3.11,5.109,7.1063,9.101,11.092,13.08,15.062,17.038,-2.8473,-2.857,-2.8438,-2.7916,-2.7003,-2.5701,-2.4009,-2.193,-1.9464,-1.6611,2.1525,2.1415,2.1626,2.2249,2.3282,2.4724,2.6574,2.8832,3.1497,3.4567,2,1,0,0,16.127,16.512,0,0,0.088475,-2.3812,0,0
1.64,-0.00019688,0.14924,16.49,2.7014,0.032463,0.032012,143.01,189.89,0.971,1.566,1463,1967.8,0.789,0.306,1.3341e+05,99443,0.0044859,0.076845,2.0768,4.0764,6.0748,8.0712,10.065,12.055,14.041,16.023,0.0033717,0.46338,2.4633,4.4627,6.4605,8.4561,10.449,12.437,14.421,16.399,-2.8558,-2.8571,-2.8558,-2.8155,-2.7361,-2.6177,-2.4605,-2.2644,-2.0295,-1.756,2.1464,2.1391,2.1484,2.1988,2.2901,2.4225,2.5957,2.8096,3.0643,3.3596,2,1,0,0,15.468,15.838,0,0,-0.005715,-2.4776,0,0
1.68,-0.00020365,0.15018,16.492,2.7074,0.032655,0.032252,142.41,190.17,0.971,1.566,1463,1967.8,0.789,0.306,1.334e+05,99452,0.004487,1.4001,3.3999,5.3987,7.3959,9.3905,11.382,13.37,15.352,17.33,0.0033622,1.8166,3.8162,5.8146,7.8109,9.8044,11.794,13.779,15.759,17.733,-2.8564,-2.8639,-2.8355,-2.7681,-2.6616,-2.5163,-2.3321,-2.1092,-1.8476,-1.5473,2.1404,2.138,2.1763,2.2558,2.3762,2.5374,2.7395,2.9823,3.2657,3.5897,2,1,0,0,14.808,15.164,0,0,-0.096524,-2.5706,0,0
1.72,-0.00021387,0.15111,16.495,2.7135,0.032853,0.032504,141.81,190.45,0.971,1.566,1463,1967.8,0.789,0.306,1.3339e+05,99462,0.0044921,0.72318,2.7231,4.7223,6.72,8.7155,10.708,12.697,14.681,16.66,0.0033615,1.1698,3.1696,5.1684,7.1654,9.1598,11.151,13.137,15.119,17.094,-2.8597,-2.8679,-2.8515,-2.7961,-2.7017,-2.5684,-2.3962,-2.1853,-1.9356,-1.6472,2.14,2.1314,2.1577,2.2251,2.3335,2.4827,2.6728,2.9036,3.1751,3.4872,2,1,0,0,14.148,14.488,0,0,-0.18391,-2.6601,0,0
1.76,-0.00022905,0.15202,16.497,2.7195,0.033047,0.032755,141.21,190.72,0.971,1.566,1463,1967.8,0.789,0.306,1.3337e+05,99471,0.0045037,0.046031,2.046,4.0455,6.0438,8.0401,10.034,12.024,14.009,15.99,0.0033547,0.52293,2.5228,4.5221,6.5197,8.515,10.507,12.495,14.478,16.455,-2.867,-2.8678,-2.8635,-2.8203,-2.738,-2.6168,-2.4567,-2.2578,-2.0201,-1.7438,2.1356,2.1287,2.1429,2.1982,2.2944,2.4316,2.6096,2.8284,3.0878,3.3879,2,1,0,0,13.486,13.812,0,0,-0.26783,-2.746,0,0
1.8,-0.0002461,0.15295,16.5,2.7256,0.033207,0.032755,140.61,190.99,0.971,1.566,1463,1967.8,0.789,0.306,1.3336e+05,99481,0.0045021,1.3686,3.3684,5.3671,7.3641,9.3586,11.35,13.337,15.319,17.296,0.0033459,1.876,3.8755,5.8737,7.8698,9.8629,11.852,13.837,15.816,17.789,-2.8661,-2.8715,-2.8404,-2.7703,-2.6613,-2.5134,-2.3266,-2.101,-1.8368,-1.5339,2.13,2.1319,2.175,2.2591,2.3841,2.5499,2.7566,3.0039,3.292,3.6206,2,1,0,0,12.825,13.135,0,0,-0.34824,-2.8283,0,0
1.84,-0.00026182,0.15392,16.502,2.7318,0.033361,0.032987,140.01,191.25,0.971,1.566,1463,1967.8,0.789,0.306,1.3335e+05,99490,0.0045058,0.69102,2.6909,4.69,6.6877,8.683,10.675,12.664,14.648,16.627,0.0033477,1.2291,3.2288,5.2275,7.2243,9.2184,11.209,13.195,15.176,17.151,-2.8684,-2.8753,-2.8565,-2.7987,-2.7019,-2.5662,-2.3917,-2.1783,-1.9263,-1.6355,2.1311,2.1248,2.1557,2.2275,2.3402,2.4938,2.6883,2.9235,3.1993,3.5159,2,1,0,0,12.162,12.458,0,0,-0.42507,-2.907,0,0
1.88,-0.00028162,0.15485,16.505,2.7379,0.033528,0.03321,139.4,191.51,0.971,1.566,1463,1967.8,0.789,0.306,1.3334e+05,99500,0.004516,0.013187,2.0131,4.0126,6.0108,8.0069,10,11.99,13.976,15.956,0.0033432,0.58215,2.582,4.5811,6.5786,8.5735,10.565,12.553,14.535,16.512,-2.8749,-2.875,-2.8685,-2.8231,-2.7386,-2.6152,-2.453,-2.2519,-2.0121,-1.7335,2.1283,2.1218,2.1402,2.1997,2.3001,2.4414,2.6235,2.8465,3.1101,3.4145,2,1,0,0,11.499,11.779,0,0,-0.49825,-2.982,0,0
1.92,-0.00030391,0.15574,16.508,2.7442,0.033702,0.033446,138.79,191.77,0.971,1.566,1463,1967.8,0.789,0.306,1.3333e+05,99510,0.0045122,1.3351,3.3348,5.3335,7.3304,9.3247,11.316,13.303,15.285,17.261,0.0033347,1.9351,3.9345,5.9325,7.9284,9.9211,11.91,13.894,15.873,17.845,-2.8724,-2.8764,-2.8433,-2.7713,-2.6603,-2.5105,-2.3218,-2.0943,-1.828,-1.5231,2.1229,2.1287,2.1758,2.2638,2.3927,2.5625,2.7731,3.0244,3.3164,3.6491,2,1,0,0,10.836,11.1,0,0,-0.56773,-3.0531,0,0
1.96,0.0008386,0.17522,16.505,2.7505,0.033676,0.21303,138.18,192.03,0.971,1.566,1463,1967.8,0.789,0.306,1.3491e+05,99318,0.0045149,0.65668,2.6565,4.6556,6.6532,8.6484,10.641,12.629,14.613,16.591,0.0033383,1.2883,3.288,5.2865,7.2831,9.2769,11.267,13.253,15.233,17.207,-2.8742,-2.8802,-2.8598,-2.8004,-2.702,-2.5648,-2.3886,-2.1737,-1.92,-1.6275,2.1252,2.121,2.1554,2.2308,2.3471,2.5043,2.7023,2.9411,3.2206,3.5408,2,1,0,0,10.172,10.421,0,0,-0.63435,-3.1214,0,0
2,0.0066768,0.29386,16.469,2.7599,0.029689,0.21303,137.57,192.27,0.971,1.566,1463,1967.8,0.789,0.306,1.3581e+05,94232,0.0045315,1.9708,3.9704,5.9688,7.9652,9.9589,11.949,13.935,15.916,17.892,0.0033268,0.64885,2.6488,4.6479,6.6455,8.6406,10.633,12.62,14.603,16.58,-2.8848,-2.8829,-2.842,-2.7621,-2.6434,-2.4857,-2.2892,-2.0539,-1.7798,-1.4671,2.1178,2.1097,2.1256,2.1825,2.2803,2.419,2.5986,2.819,3.0801,3.3819,2,1,0,0,9.5065,9.7321,0,0,-0.73135,-3.2203,0,0
2.04,0.0081151,0.40477,16.428,2.774,0.025523,0.23241,136.96,192.51,0.971,1.566,1463,1967.8,0.789,0.306,1.3244e+05,90078,0.0045449,1.2733,3.2732,5.2725,7.2704,9.2661,11.259,13.248,15.233,17.212,0.0032984,0.021264,2.0212,4.0209,6.0197,8.0166,10.011,12.001,13.988,15.969,-2.8933,-2.9097,-2.8967,-2.8447,-2.7538,-2.624,-2.4553,-2.2478,-2.0014,-1.7164,2.0998,2.0993,2.0874,2.1163,2.1863,2.2971,2.4488,2.6414,2.8749,3.149,2,2,0,0,8.8382,8.8382,0,0,-0.87005,-0.87005,0,0
2.08,0.0064427,0.49543,16.39,2.7921,0.024612,0.21296,136.34,192.73,0.971,1.566,1463,1967.8,0.789,0.306,1.3484e+05,90899,0.0045732,0.56541,2.5652,4.5651,6.5643,8.5621,10.558,12.55,14.539,16.523,0.0032763,1.4033,3.4033,5.4029,7.4015,9.3981,11.392,13.382,15.368,17.348,-2.9113,-2.9286,-2.9515,-2.9354,-2.8803,-2.7864,-2.6535,-2.4817,-2.2711,-2.0217,2.0857,2.0522,2.0454,2.0794,2.1544,2.2703,2.4271,2.6248,2.8632,3.1424,2,2,0,0,8.1658,8.1658,0,0,-1.0334,-1.0334,0,0
2.12,0.0028207,0.56562,16.359,2.8134,0.019871,0.18431,135.72,192.95,0.971,1.566,1463,1967.8,0.789,0.306,1.362e+05,93268,0.0046131,1.8482,3.848,5.8479,7.8472,9.8451,11.841,13.834,15.823,17.808,0.0032419,0.79308,2.7924,4.7923,6.792,8.7906,10.787,12.781,14.772,16.757,-2.9367,-2.9967,-3.0229,-3.0102,-2.9586,-2.868,-2.7384,-2.57,-2.3627,-2.1167,2.0638,2.0282,1.979,1.9708,2.0035,2.0771,2.1916,2.3471,2.5434,2.7805,2,2,0,0,7.4882,7.4882,0,0,-1.2075,-1.2075,0,0
2.16,-0.0022542,0.61232,16.336,2.8371,0.009685,0.14345,135.1,193.15,0.971,1.566,1463,1967.8,0.789,0.306,1.3748e+05,96154,0.0046541,1.1244,3.123,5.1226,7.1225,9.122,11.12,13.117,15.11,17.1,0.0031941,0.18854,2.1861,4.1853,6.1852,8.1849,10.184,12.181,14.175,16.166,-2.9628,-3.0256,-3.0988,-3.1332,-3.1286,-3.085,-3.0025,-2.881,-2.7207,-2.5215,2.0334,2.0207,1.9245,1.8692,1.8549,1.8814,1.9489,2.0574,2.2068,2.397,2,2,0,0,6.805,6.805,0,0,-1.3804,-1.3804,0,0
2.2,-0.0086156,0.62734,16.324,2.862,-0.0057966,0.14345,134.48,193.34,0.971,1.566,1463,1967.8,0.789,0.306,1.3853e+05,99087,0.0047144,0.39713,2.3932,4.3914,6.3908,8.3907,10.39,12.389,14.386,16.38,0.0031466,1.5817,3.5788,5.5777,7.5775,9.5773,11.576,13.574,15.569,17.561,-3.0012,-3.0329,-3.1555,-3.2392,-3.284,-3.2899,-3.2568,-3.1847,-3.0737,-2.9239,2.0031,1.888,1.7834,1.7196,1.6967,1.7148,1.7739,1.8739,2.0148,2.1965,1,2,0,0,6.1167,6.1167,0,0,-1.5396,-1.5396,0,0
2.24,-0.015769,0.6067,16.319,2.8867,-0.021996,0.11113,133.85,193.52,0.971,1.566,1463,1967.8,0.789,0.306,1.4023e+05,1.0116e+05,0.0047841,1.663,3.6584,5.6561,7.6552,9.6551,11.655,13.654,15.651,17.646,0.0030918,0.97663,2.9705,4.9672,6.9658,8.9655,10.965,12.965,14.963,16.958,-3.0456,-3.1885,-3.3213,-3.4154,-3.4705,-3.4867,-3.4639,-3.4021,-3.3015,-3.162,1.9682,1.8731,1.7193,1.6063,1.5342,1.503,1.5128,1.5636,1.6553,1.7878,1,2,0,0,5.4251,5.4251,0,0,-1.6755,-1.6755,0,0
2.28,-0.022726,0.55733,16.318,2.9101,-0.036417,0.076172,133.22,193.69,0.971,1.566,1463,1967.8,0.789,0.306,1.3923e+05,1.012e+05,0.0048612,0.93629,2.928,4.9229,6.9202,8.9191,10.919,12.919,14.918,16.916,0.0030227,0.36912,2.3588,4.3523,6.3486,8.347,10.347,12.346,14.346,16.344,-3.0947,-3.1969,-3.3765,-3.5172,-3.6192,-3.6821,-3.7061,-3.6911,-3.6372,-3.5444,1.9243,1.8798,1.6794,1.5197,1.4008,1.3229,1.2859,1.2899,1.3348,1.4207,1,2,0,0,4.7328,4.7328,0,0,-1.7823,-1.7823,0,0
2.32,-0.027749,0.50027,16.317,2.9312,-0.048772,0.062452,132.58,193.85,0.971,1.566,1463,1967.8,0.789,0.306,1.3647e+05,1.0015e+05,0.0049568,0.21667,2.2041,4.1955,6.1902,8.1873,10.186,12.186,14.186,16.185,0.0029462,1.7426,3.7322,5.7255,7.7218,9.7201,11.72,13.72,15.719,17.717,-3.1555,-3.1833,-3.4051,-3.5882,-3.7325,-3.8379,-3.9042,-3.9317,-3.9202,-3.8697,1.8756,1.6629,1.4609,1.2997,1.1793,1.0999,1.0615,1.0641,1.1075,1.1918,0,2,0,0,0,4.0423,0,0,0,-1.8584,0,0
2.36,-0.030517,0.44515,16.315,2.9501,-0.060163,0.060099,131.95,194,0.971,1.566,1463,1967.8,0.789,0.306,1.3466e+05,99857,0.0050557,1.4877,3.4753,5.4668,7.4615,9.4587,11.458,13.457,15.457,17.456,0.0028637,1.1223,3.1076,5.0976,7.0911,9.0876,11.086,13.086,15.086,17.085,-3.2185,-3.4124,-3.6332,-3.8152,-3.9584,-4.0626,-4.1278,-4.1541,-4.1415,-4.09,1.823,1.6646,1.425,1.2261,1.068,0.95076,0.87452,0.83922,0.84485,0.89137,0,2,0,0,0,3.3547,0,0,0,-1.9085,0,0
2.4,-0.031177,0.39684,16.314,2.9669,-0.071761,0.060099,131.31,194.14,0.971,1.566,1463,1967.8,0.789,0.306,1.3382e+05,99968,0.0051675,0.77822,2.7618,4.75,6.742,8.7371,10.735,12.734,14.733,16.733,0.0027615,0.4985,2.4796,4.4658,6.4565,8.4506,10.447,12.446,14.446,16.446,-3.2896,-3.4041,-3.6583,-3.8739,-4.0507,-4.1885,-4.2874,-4.3474,-4.3685,-4.3507,1.758,1.6793,1.4062,1.1737,0.98199,0.83115,0.72124,0.65225,0.62417,0.63701,0,2,0,0,0,2.6703,0,0,0,-1.9388,0,0
2.44,-0.032126,0.3236,16.318,2.9812,-0.081715,0.032547,130.67,194.27,0.971,1.566,1463,1967.8,0.789,0.306,1.3381e+05,1.0031e+05,0.0052961,0.076999,2.0567,4.0415,6.0308,8.0237,10.02,12.017,14.017,16.017,0.0026458,1.8476,3.8303,5.818,7.8098,9.8048,11.802,13.801,15.801,17.801,-3.3715,-3.3832,-3.6661,-3.9104,-4.116,-4.2826,-4.4104,-4.4993,-4.5493,-4.5603,1.6843,1.4027,1.1416,0.92108,0.74142,0.60266,0.50479,0.44782,0.43177,0.45664,0,2,0,0,0,1.99,0,0,0,-1.9514,0,0
2.48,-0.036438,0.16784,16.324,2.9915,-0.088875,-0.050873,130.03,194.39,0.971,1.566,1463,1967.8,0.789,0.306,1.3615e+05,99251,0.0054148,1.366,3.3482,5.3352,7.3263,9.3206,11.318,13.316,15.316,17.316,0.0025344,1.2097,3.1896,5.1748,7.1646,9.1581,11.155,13.153,15.153,17.152,-3.4471,-3.6561,-3.9212,-4.1476,-4.3351,-4.4838,-4.5936,-4.6644,-4.6964,-4.6894,1.6134,1.4162,1.1343,0.89295,0.69245,0.53281,0.41405,0.33618,0.29924,0.30322,0,1,0,0,0,1.3171,0,0,0,-1.9447,0,0
2.52,-0.03691,-0.0010537,16.33,2.9948,-0.09077,-0.076035,129.39,194.51,0.971,1.566,1463,1967.8,0.789,0.306,1.2784e+05,94615,0.0055296,0.70003,2.6813,4.6675,6.6579,8.6518,10.648,12.647,14.646,16.646,0.0024182,0.56153,2.5404,4.5248,6.5139,8.5069,10.503,12.501,14.5,16.5,-3.5202,-3.6295,-3.9018,-4.1354,-4.3302,-4.4861,-4.6031,-4.6812,-4.7203,-4.7205,1.5394,1.446,1.1568,0.90822,0.70048,0.53361,0.40763,0.32256,0.27842,0.27523,0,0,0,0,0,0,0,0,0,0,0,0
2.56,-0.033151,-0.15426,16.336,2.9916,-0.087256,-0.088892,128.75,194.63,0.971,1.566,1463,1967.8,0.789,0.306,1.2704e+05,95017,0.0056418,0.057524,2.0396,4.0266,6.0176,8.0119,10.009,12.007,14.007,16.007,0.0022987,1.8831,3.8682,5.858,7.8514,9.8478,11.846,13.846,15.846,17.845,-3.5916,-3.5996,-3.8661,-4.0938,-4.2826,-4.4326,-4.5436,-4.6156,-4.6487,-4.6429,1.4634,1.1942,0.95154,0.74972,0.5888,0.46881,0.38974,0.35163,0.35448,0.39832,0,0,0,0,0,0,0,0,0,0,0,0
2.6,-0.026392,-0.28636,16.342,2.9825,-0.078463,-0.088892,128.1,194.75,0.971,1.566,1463,1967.8,0.789,0.306,1.2757e+05,97900,0.005733,1.4197,3.4086,5.4012,7.3968,9.3946,11.394,13.394,15.394,17.393,0.0021924,1.2181,3.2054,5.1969,7.1917,9.189,11.188,13.188,15.188,17.187,-3.6496,-3.827,-4.0372,-4.2084,-4.3408,-4.4341,-4.4885,-4.5039,-4.4803,-4.4178,1.3957,1.2326,1.0075,0.82325,0.67995,0.5776,0.51621,0.49579,0.51635,0.57789,0,0,0,0,0,0,0,0,0,0,0,0
2.64,-0.018037,-0.37062,16.349,2.9692,-0.066457,-0.08889,127.46,194.87,0.971,1.566,1463,1967.8,0.789,0.306,1.2913e+05,1.0174e+05,0.0058192,0.81594,2.8074,4.8022,6.7993,8.7982,10.798,12.798,14.797,16.795,0.0020845,0.54724,2.5373,4.531,6.5276,8.5261,10.526,12.526,14.525,16.523,-3.7045,-3.7953,-3.979,-4.1238,-4.2297,-4.2965,-4.3244,-4.3133,-4.2632,-4.1741,1.327,1.2612,1.0625,0.90465,0.78782,0.71197,0.6771,0.6832,0.73028,0.81832,0,0,0,0,0,0,0,0,0,0,0,0
2.68,-0.009783,-0.40144,16.357,2.9536,-0.053783,-0.079284,126.82,195,0.971,1.566,1463,1967.8,0.789,0.306,1.3065e+05,1.0466e+05,0.0059003,0.22057,2.2147,4.2114,6.21,8.2097,10.21,12.209,14.207,16.204,0.0019843,1.866,3.8619,5.8601,7.8595,9.8595,11.859,13.858,15.854,17.848,-3.7561,-3.7768,-3.9295,-4.0431,-4.1178,-4.1534,-4.1501,-4.1078,-4.0265,-3.9063,1.2632,1.1064,0.97975,0.8941,0.84945,0.84579,0.88309,0.96134,1.0805,1.2406,0,0,0,0,0,0,0,0,0,0,0,0
2.72,-0.0024684,-0.39659,16.365,2.9374,-0.041045,-0.064639,126.18,195.13,0.971,1.566,1463,1967.8,0.789,0.306,1.3308e+05,1.0628e+05,0.0059642,1.6234,3.6217,5.6213,7.6212,9.6209,11.619,13.616,15.61,17.601,0.0019085,1.1936,3.1913,5.1906,7.1905,9.1903,11.189,13.186,15.18,17.171,-3.7968,-3.8944,-3.9758,-4.0182,-4.0216,-3.986,-3.9115,-3.7981,-3.6457,-3.4545,1.215,1.1341,1.0396,0.98621,0.97382,1.0024,1.0719,1.1824,1.3337,1.5259,0,0,0,0,0,0,0,0,0,0,0,0
2.76,0.0033211,-0.37003,16.373,2.9221,-0.029304,-0.049259,125.54,195.26,0.971,1.566,1463,1967.8,0.789,0.306,1.3633e+05,1.0611e+05,0.0060163,1.0291,3.0284,5.0283,7.0281,9.027,11.024,13.019,15.011,16.998,0.0018404,0.52169,2.5206,4.5205,6.5204,8.5194,10.517,12.512,14.504,16.491,-3.83,-3.8759,-3.9265,-3.9381,-3.9106,-3.8443,-3.739,-3.5948,-3.4117,-3.1899,1.1716,1.1444,1.0808,1.0582,1.0766,1.136,1.2363,1.3775,1.5595,1.7823,0,0,0,0,0,0,0,0,0,0,0,0
2.8,0.0075617,-0.3297,16.379,2.9081,-0.018807,-0.049259,124.9,195.41,0.971,1.566,1463,1967.8,0.789,0.306,1.3802e+05,1.0414e+05,0.0060629,0.42884,2.4287,4.4286,6.4278,8.4255,10.421,12.414,14.402,16.387,0.0017857,1.8509,3.8509,5.8503,7.8484,9.8442,11.837,13.826,15.81,17.789,-3.8596,-3.8727,-3.8954,-3.8791,-3.8238,-3.7295,-3.5964,-3.4244,-3.2136,-2.9641,1.1368,1.1038,1.1091,1.1554,1.2427,1.3708,1.5398,1.7495,2,2.2912,0,0,0,0,0,0,0,0,0,0,0,0
2.84,0.010649,-0.27714,16.386,2.896,-0.009372,-0.034247,124.26,195.56,0.971,1.566,1463,1967.8,0.789,0.306,1.3683e+05,1.018e+05,0.0060974,1.8212,3.8207,5.8191,7.8156,9.8093,11.8,13.786,15.767,17.742,0.0017567,1.1828,3.1826,5.1813,7.1781,9.1723,11.163,13.149,15.13,17.105,-3.8816,-3.8803,-3.8397,-3.7603,-3.6418,-3.4846,-3.2885,-3.0537,-2.7802,-2.4681,1.1183,1.1115,1.141,1.2115,1.3229,1.4752,1.6683,1.9021,2.1766,2.4917,0,0,0,0,0,0,0,0,0,0,0,0
2.88,0.012379,-0.22091,16.392,2.8861,-0.00090629,-0.020166,123.62,195.71,0.971,1.566,1463,1967.8,0.789,0.306,1.3537e+05,99912,0.0061116,1.2051,3.2041,5.2016,7.1968,9.1889,11.177,13.161,15.139,17.111,0.0017367,0.51663,2.516,4.5139,6.5095,8.502,10.491,12.474,14.453,16.424,-3.8906,-3.8777,-3.8172,-3.7177,-3.5793,-3.402,-3.186,-2.9313,-2.638,-2.3061,1.1056,1.1078,1.1573,1.2478,1.3792,1.5515,1.7645,2.0182,2.3125,2.6474,0,0,0,0,0,0,0,0,0,0,0,0
2.92,0.012813,-0.16432,16.399,2.8783,0.0066575,-0.0083221,122.99,195.87,0.971,1.566,1463,1967.8,0.789,0.306,1.3371e+05,98662,0.0061181,0.57987,2.5784,4.575,6.5691,8.5597,10.546,12.528,14.504,16.473,0.0017299,1.8515,3.8486,5.8431,7.8343,9.8211,11.803,13.779,15.748,17.709,-3.8948,-3.8841,-3.808,-3.6929,-3.539,-3.3462,-3.1147,-2.8446,-2.5358,-2.1885,1.1013,1.1615,1.2676,1.4145,1.6023,1.8308,2.1,2.4097,2.76,3.1506,0,0,0,0,0,0,0,0,0,0,0,0
2.96,0.012123,-0.10966,16.405,2.8729,0.013284,0.0019306,122.35,196.04,0.971,1.566,1463,1967.8,0.789,0.306,1.3226e+05,98167,0.0061153,1.9435,3.9395,5.9326,7.9222,9.9073,11.887,13.862,15.829,17.789,0.0017472,1.1891,3.1857,5.1794,7.1694,9.155,11.135,13.109,15.076,17.035,-3.893,-3.8085,-3.6824,-3.5174,-3.3137,-3.0712,-2.79,-2.4703,-2.1121,-1.7155,1.1123,1.1575,1.2746,1.4326,1.6314,1.8709,2.1511,2.4718,2.8329,3.2344,0,0,0,0,0,0,0,0,0,0,0,0
3,0.010697,-0.056581,16.412,2.8696,0.018881,0.0019306,121.72,196.21,0.971,1.566,1463,1967.8,0.789,0.306,1.3152e+05,98201,0.0060881,1.2997,3.2952,5.2878,7.2767,9.2611,11.24,13.213,15.18,17.139,0.0017708,0.529,2.5251,4.5183,6.5077,8.4924,10.472,12.445,14.411,16.368,-3.8757,-3.815,-3.6823,-3.5108,-3.3004,-3.0513,-2.7637,-2.4374,-2.0727,-1.6696,1.1273,1.1491,1.2728,1.4374,1.6428,1.8888,2.1755,2.5027,2.8704,3.2784,0,0,0,0,0,0,0,0,0,0,0,0
3.04,0.0089367,-0.0048368,16.418,2.8685,0.023668,0.010723,121.08,196.38,0.971,1.566,1463,1967.8,0.789,0.306,1.3119e+05,98443,0.0060554,0.64757,2.643,4.6353,6.624,8.608,10.587,12.56,14.526,16.484,0.0018033,1.8669,3.8599,5.849,7.8335,9.8124,11.785,13.75,15.708,17.656,-3.8549,-3.824,-3.6889,-3.5149,-3.3021,-3.0506,-2.7605,-2.4318,-2.0647,-1.6592,1.148,1.2659,1.4329,1.6407,1.8892,2.1783,2.5079,2.878,3.2884,3.7389,0,0,0,0,0,0,0,0,0,0,0,0
3.08,0.0068461,0.039824,16.424,2.8692,0.027783,0.018258,120.45,196.55,0.971,1.566,1463,1967.8,0.789,0.306,1.3097e+05,98720,0.0060183,1.9835,3.9759,5.9647,7.949,9.928,11.901,13.867,15.826,17.776,0.0018558,1.2108,3.2038,5.1931,7.1777,9.1569,11.13,13.095,15.053,17.002,-3.8313,-3.6987,-3.526,-3.3146,-3.0644,-2.7756,-2.4482,-2.0823,-1.6781,-1.2357,1.1814,1.257,1.4227,1.6292,1.8764,2.1642,2.4925,2.8613,3.2704,3.7196,0,0,0,0,0,0,0,0,0,0,0,0
3.12,0.004701,0.075949,16.429,2.8715,0.031305,0.024433,119.82,196.72,0.971,1.566,1463,1967.8,0.789,0.306,1.3073e+05,98947,0.0059595,1.3177,3.3106,5.2999,7.2847,9.2643,11.238,13.205,15.165,17.116,0.0019094,0.5564,2.5499,4.5396,6.5248,8.5046,10.478,12.445,14.403,16.353,-3.7938,-3.7088,-3.5407,-3.3338,-3.0881,-2.8038,-2.4809,-2.1195,-1.7198,-1.2818,1.2155,1.2489,1.41,1.612,1.8547,2.138,2.4618,2.8262,3.2308,3.6756,0,0,0,0,0,0,0,0,0,0,0,0
3.16,0.002751,0.10353,16.434,2.8751,0.034605,0.029434,119.18,196.89,0.971,1.566,1463,1967.8,0.789,0.306,1.309e+05,99131,0.0059004,0.64701,2.6405,4.6305,6.6162,8.5968,10.572,12.54,14.501,16.454,0.0019654,1.8975,3.888,5.874,7.8548,9.8296,11.797,13.757,15.709,17.651,-3.7562,-3.717,-3.556,-3.3562,-3.1177,-2.8405,-2.5247,-2.1704,-1.7776,-1.3467,1.2512,1.3976,1.5924,1.8279,2.1041,2.4209,2.7782,3.1758,3.6136,4.0913,0,0,0,0,0,0,0,0,0,0,0,0
3.2,0.001222,0.12491,16.437,2.8798,0.037708,0.029434,118.55,197.06,0.971,1.566,1463,1967.8,0.789,0.306,1.3157e+05,99453,0.0058418,1.9666,3.9575,5.9443,7.9262,9.9025,11.872,13.835,15.79,17.737,0.0020373,1.2465,3.2378,5.2249,7.207,9.1831,11.153,13.114,15.068,17.012,-3.7189,-3.5697,-3.379,-3.1496,-2.8815,-2.5748,-2.2296,-1.8459,-1.4239,-0.96391,1.2969,1.3873,1.5729,1.7993,2.0664,2.3741,2.7223,3.1109,3.5397,4.0085,0,0,0,0,0,0,0,0,0,0,0,0
3.24,0.00020204,0.14286,16.44,2.8852,0.04063,0.033653,117.91,197.23,0.971,1.566,1463,1967.8,0.789,0.306,1.3251e+05,99816,0.0057662,1.2899,3.2818,5.2697,7.2531,9.231,11.203,13.168,15.125,17.074,0.002106,0.5964,2.5887,4.577,6.5605,8.5382,10.509,12.473,14.429,16.376,-3.6708,-3.58,-3.4,-3.1813,-2.9239,-2.6278,-2.2932,-1.92,-1.5086,-1.0591,1.3407,1.3806,1.5555,1.7712,2.0277,2.3247,2.6623,3.0404,3.4587,3.9169,0,0,0,0,0,0,0,0,0,0,0,0
3.28,-0.00045242,0.15741,16.441,2.8912,0.043351,0.037513,117.27,197.4,0.971,1.566,1463,1967.8,0.789,0.306,1.335e+05,99913,0.0056944,0.6109,2.6038,4.5931,6.5779,8.5576,10.531,12.498,14.458,16.409,0.0021723,1.9405,3.93,5.915,7.8945,9.8678,11.834,13.792,15.742,17.681,-3.6251,-3.5859,-3.4179,-3.2112,-2.9656,-2.6814,-2.3586,-1.9973,-1.5976,-1.1598,1.3829,1.5414,1.7452,1.9897,2.2749,2.6007,2.9669,3.3734,3.82,4.3064,0,0,0,0,0,0,0,0,0,0,0,0
3.32,-0.00081617,0.16976,16.442,2.8977,0.04581,0.041071,116.64,197.56,0.971,1.566,1463,1967.8,0.789,0.306,1.3433e+05,99924,0.0056252,1.9239,3.9145,5.9009,7.8824,9.8582,11.828,13.79,15.744,17.69,0.002253,1.293,3.2838,5.2703,7.2517,9.227,11.196,13.156,15.109,17.052,-3.581,-3.4319,-3.2381,-3.0056,-2.7343,-2.4244,-2.0759,-1.689,-1.264,-0.80094,1.4342,1.5313,1.7221,1.9537,2.2259,2.5388,2.8922,3.2859,3.7197,4.1935,0,0,0,0,0,0,0,0,0,0,0,0
3.36,-0.001004,0.18028,16.442,2.9047,0.047954,0.043013,116,197.72,0.971,1.566,1463,1967.8,0.789,0.306,1.3487e+05,99834,0.0055432,1.2424,3.2343,5.2222,7.2056,9.1835,11.155,13.12,15.077,17.026,0.0023279,0.6462,2.6383,4.6264,6.6096,8.5871,10.558,12.522,14.477,16.423,-3.5288,-3.4414,-3.2616,-3.0429,-2.7855,-2.4894,-2.1548,-1.7817,-1.3703,-0.92094,1.4819,1.5258,1.7027,1.9203,2.1787,2.4777,2.8173,3.1973,3.6174,4.0775,0,0,0,0,0,0,0,0,0,0,0,0
3.4,-0.0010884,0.18883,16.442,2.9121,0.04991,0.043013,115.36,197.87,0.971,1.566,1463,1967.8,0.789,0.306,1.3486e+05,99672,0.0054678,0.55946,2.5526,4.5421,6.5273,8.5074,10.482,12.449,14.409,16.361,0.0023965,1.9934,3.983,5.9681,7.9477,9.9211,11.887,13.846,15.795,17.736,-3.4808,-3.4458,-3.2806,-3.0767,-2.834,-2.5525,-2.2324,-1.8739,-1.477,-1.042,1.5256,1.6876,1.8905,2.1342,2.4186,2.7436,3.1091,3.5147,3.9604,4.4459,0,0,0,0,0,0,0,0,0,0,0,0
3.44,-0.0008835,0.19987,16.44,2.9199,0.05142,0.047111,114.72,198.02,0.971,1.566,1463,1967.8,0.789,0.306,1.345e+05,99332,0.0053958,1.8696,3.8607,5.8477,7.8299,9.8065,11.777,13.74,15.695,17.642,0.0024789,1.3491,3.3402,5.3271,7.3089,9.2847,11.254,13.215,15.168,17.112,-3.4349,-3.2951,-3.1066,-2.8793,-2.6133,-2.3085,-1.9653,-1.5837,-1.1639,-0.70613,1.5781,1.6771,1.8646,2.0928,2.3618,2.6715,3.0216,3.4121,3.8426,4.313,0,0,0,0,0,0,0,0,0,0,0,0
3.48,-0.00077896,0.2102,16.439,2.9281,0.052468,0.049548,114.08,198.16,0.971,1.566,1463,1967.8,0.789,0.306,1.3427e+05,98974,0.0053148,1.1852,3.1778,5.1666,7.1509,9.1299,11.103,13.069,15.028,16.979,0.0025536,0.70545,2.6981,4.6868,6.6707,8.649,10.621,12.585,14.542,16.49,-3.3834,-3.3046,-3.1324,-2.9214,-2.6716,-2.383,-2.0559,-1.6904,-1.2867,-0.84486,1.6256,1.6715,1.8427,2.0547,2.3074,2.6009,2.9349,3.3093,3.7237,4.1782,0,0,0,0,0,0,0,0,0,0,0,0
3.52,-0.00079278,0.21967,16.437,2.9367,0.053129,0.051508,113.43,198.3,0.971,1.566,1463,1967.8,0.789,0.306,1.3411e+05,98715,0.0052423,0.49956,2.4935,4.484,6.4704,8.4519,10.428,12.397,14.359,16.313,0.0026201,0.062547,2.0566,4.047,6.033,8.0138,9.9884,11.956,13.916,15.868,-3.3373,-3.3085,-3.1534,-2.9595,-2.7267,-2.4552,-2.145,-1.7964,-1.4095,-0.98444,1.6679,1.6713,1.8254,2.0203,2.2561,2.5326,2.8496,3.2071,3.6048,4.0425,0,0,0,0,0,0,0,0,0,0,0,0
3.56,-0.00093144,0.22807,16.434,2.9457,0.053425,0.052677,112.79,198.43,0.971,1.566,1463,1967.8,0.789,0.306,1.34e+05,98535,0.005173,1.808,3.8002,5.7886,7.7724,9.7508,11.723,13.689,15.647,17.596,0.0026969,1.4157,3.4078,5.3959,7.379,9.3564,11.327,13.291,15.246,17.192,-3.2931,-3.1691,-2.993,-2.778,-2.5242,-2.2318,-1.9008,-1.5314,-1.1239,-0.67826,1.7168,1.8133,1.9904,2.2084,2.4671,2.7665,3.1063,3.4864,3.9067,4.3669,0,0,0,0,0,0,0,0,0,0,0,0
3.6,-0.0011698,0.23519,16.432,2.955,0.053424,0.052677,112.14,198.55,0.971,1.566,1463,1967.8,0.789,0.306,1.3393e+05,98437,0.0050977,1.1215,3.1152,5.1055,7.0916,9.0727,11.048,13.017,14.979,16.932,0.0027668,0.7754,2.7691,4.759,6.7445,8.7246,10.699,12.665,14.625,16.575,-3.2452,-3.1788,-3.0211,-2.8246,-2.5892,-2.3151,-2.0024,-1.6513,-1.2619,-0.83433,1.7613,1.8069,1.9655,2.1651,2.4055,2.6865,3.0081,3.37,3.7721,4.2142,0,0,0,0,0,0,0,0,0,0,0,0
3.64,-0.0014893,0.24078,16.429,2.9645,0.053218,0.053258,111.5,198.67,0.971,1.566,1463,1967.8,0.789,0.306,1.3388e+05,98410,0.0050321,0.4342,2.4294,4.4214,6.4096,8.3932,10.371,12.344,14.309,16.267,0.0028277,0.13562,2.1307,4.1225,6.1102,8.0929,10.07,12.04,14.003,15.957,-3.2034,-3.182,-3.0433,-2.8657,-2.6492,-2.394,-2.1001,-1.7677,-1.397,-0.98809,1.8001,1.8067,1.9464,2.1269,2.3484,2.6106,2.9134,3.2565,3.64,4.0636,0,0,0,0,0,0,0,0,0,0,0,0
3.68,-0.0018725,0.24461,16.427,2.9742,0.052855,0.053356,110.85,198.79,0.971,1.566,1463,1967.8,0.789,0.306,1.3387e+05,98431,0.0049683,1.7428,3.7365,5.7267,7.7127,9.6937,11.669,13.638,15.599,17.553,0.0028958,1.4927,3.4861,5.4758,7.461,9.4407,11.414,13.381,15.339,17.289,-3.1628,-3.059,-2.9007,-2.7035,-2.4675,-2.1929,-1.8797,-1.5281,-1.1381,-0.71007,1.8435,1.9333,2.0945,2.2967,2.5396,2.8232,3.1472,3.5116,3.9162,4.3608,0,0,0,0,0,0,0,0,0,0,0,0
3.72,-0.0022742,0.24689,16.424,2.984,0.052353,0.053107,110.2,198.89,0.971,1.566,1463,1967.8,0.789,0.306,1.3387e+05,98481,0.0049015,1.0559,3.051,5.0431,7.0313,9.0149,10.993,12.965,14.931,16.888,0.0029589,0.85485,2.8498,4.8414,6.8289,8.8113,10.788,12.758,14.72,16.675,-3.1203,-3.0678,-2.9291,-2.7515,-2.5351,-2.2799,-1.9861,-1.6539,-1.2833,-0.87442,1.8836,1.9266,2.0682,2.2508,2.4742,2.7383,3.0429,3.388,3.7733,4.1987,0,0,0,0,0,0,0,0,0,0,0,0
3.76,-0.0026544,0.24782,16.422,2.9939,0.051742,0.05261,109.55,198.99,0.971,1.566,1463,1967.8,0.789,0.306,1.3387e+05,98546,0.0048448,0.36878,2.3652,4.3589,6.3492,8.3353,10.316,12.292,14.261,16.222,0.0030125,0.21723,2.2135,4.2068,6.1964,8.1813,10.161,12.134,14.1,16.059,-3.0842,-3.0696,-2.9507,-2.7928,-2.596,-2.3605,-2.0863,-1.7736,-1.4224,-1.033,1.9178,1.9264,2.0483,2.2112,2.415,2.6594,2.9445,3.27,3.6359,4.042,0,0,0,0,0,0,0,0,0,0,0,0
3.8,-0.0029921,0.24757,16.419,3.0038,0.051075,0.05261,108.9,199.09,0.971,1.566,1463,1967.8,0.789,0.306,1.3388e+05,98619,0.0047884,1.6793,3.6745,5.6666,7.6549,9.6386,11.617,13.589,15.555,17.512,0.0030703,1.5771,3.572,5.5634,7.5507,9.533,11.509,13.479,15.441,17.395,-3.0483,-2.9652,-2.827,-2.65,-2.4341,-2.1796,-1.8864,-1.5548,-1.1848,-0.77651,1.9546,2.0351,2.1782,2.3622,2.587,2.8524,3.1584,3.5048,3.8915,4.3184,0,0,0,0,0,0,0,0,0,0,0,0
3.84,-0.0032847,0.24614,16.417,3.0137,0.050399,0.051915,108.25,199.18,0.971,1.566,1463,1967.8,0.789,0.306,1.3389e+05,98693,0.0047313,0.99343,2.9899,4.9837,6.974,8.9601,10.941,12.917,14.886,16.847,0.0031255,0.94067,2.9368,4.93,6.9194,8.9042,10.884,12.857,14.823,16.781,-3.0119,-2.9726,-2.8542,-2.6968,-2.5006,-2.2656,-1.992,-1.6799,-1.3293,-0.94032,1.9897,2.0283,2.1518,2.3162,2.5213,2.7672,3.0536,3.3806,3.7479,4.1554,0,0,0,0,0,0,0,0,0,0,0,0
3.88,-0.0035065,0.24393,16.415,3.0235,0.049742,0.051102,107.6,199.26,0.971,1.566,1463,1967.8,0.789,0.306,1.339e+05,98762,0.0046845,0.30782,2.3053,4.3006,6.2927,8.281,10.265,12.243,14.216,16.181,0.0031711,0.30414,2.3014,4.2961,6.2875,8.2746,10.257,12.233,14.202,16.164,-2.9822,-2.9731,-2.8742,-2.7363,-2.5596,-2.3442,-2.09,-1.7972,-1.4659,-1.0962,2.0187,2.0282,2.132,2.2769,2.4625,2.6889,2.956,3.2635,3.6116,3.9999,0,0,0,0,0,0,0,0,0,0,0,0
3.92,-0.0036482,0.24121,16.413,3.0332,0.049137,0.050254,106.95,199.34,0.971,1.566,1463,1967.8,0.789,0.306,1.3391e+05,98817,0.0046363,1.621,3.6175,5.6112,7.6015,9.5877,11.569,13.544,15.513,17.475,0.003218,1.6657,3.6617,5.6548,7.644,9.6285,11.608,13.58,15.546,17.503,-2.9515,-2.8872,-2.7687,-2.6113,-2.4152,-2.1802,-1.9067,-1.5946,-1.2439,-0.85495,2.0486,2.1189,2.2443,2.4106,2.6177,2.8655,3.1539,3.4828,3.8521,4.2617,0,0,0,0,0,0,0,0,0,0,0,0
3.96,-0.0037089,0.23822,16.412,3.0428,0.048599,0.049457,106.3,199.41,0.971,1.566,1463,1967.8,0.789,0.306,1.3388e+05,98852,0.0045892,0.93696,2.9345,4.9296,6.9218,8.91,10.894,12.872,14.844,16.81,0.003265,1.0297,3.0268,5.0214,7.0125,8.9993,10.981,12.957,14.926,16.887,-2.9215,-2.8933,-2.794,-2.6557,-2.4786,-2.2628,-2.0082,-1.715,-1.3833,-1.0132,2.0785,2.1121,2.2184,2.3656,2.5536,2.7824,3.0518,3.3618,3.7122,4.103,0,0,0,0,0,0,0,0,0,0,0,0
4,-0.0037068,0.23515,16.41,3.052,0.049457,0.049457,105.66,199.47,0.971,1.566,1463,1967.8,0.789,0.306,1.3385e+05,98871,0.0045892,0.93696,2.9345,4.9296,6.9218,8.91,10.894,12.872,14.844,16.81,0.003265,1.0297,3.0268,5.0214,7.0125,8.9993,10.981,12.957,14.926,16.887,-2.9215,-2.8933,-2.794,-2.6557,-2.4786,-2.2628,-2.0082,-1.715,-1.3833,-1.0132,2.0785,2.1121,2.2184,2.3656,2.5536,2.7824,3.0518,3.3618,3.7122,4.103,0,0,0,0,0,0,0,0,0,0,0,0
