0.04,-0.00066009,0.0040524,19.236,-0.083275,-0.0071214,0,333,-3.8896,0.971,1.566,1463,1967.8,0.789,0.306,1.5209e+05,64865,16.56,18.286,20.01,21.735,23.461,25.186,26.021,0,0,0,3.3387,4.543,6.2694,7.9955,9.7215,11.447,13.174,14.899,16.624,18.35,-0.086902,-0.17301,-0.26721,-0.36953,-0.47992,-0.59826,-0.65939,0,0,0,1.1874,1.1761,1.1517,1.1191,1.0783,1.0293,0.97212,0.90674,0.83319,0.75144,0,0,0,0,0,0,0,0,0,0,0,0
0.08,-0.0012626,0.0038304,18.984,-0.083113,-0.012307,0,333.76,-3.9538,0.971,1.566,1463,1967.8,0.789,0.306,1.5382e+05,53798,15.975,17.695,19.414,21.134,22.855,24.575,25.958,0,0,0,3.3334,3.9937,5.715,7.436,9.1567,10.877,12.599,14.319,16.039,17.759,-0.086639,-0.17275,-0.26696,-0.36929,-0.47968,-0.59802,-0.69963,0,0,0,1.1827,1.1764,1.152,1.1194,1.0786,1.0296,0.9724,0.90701,0.83345,0.7517,0,0,0,0,0,0,0,0,0,0,0,0
0.12,-0.0018715,0.0019203,18.722,-0.082984,-0.0082161,-0.010765,334.51,-4.0175,0.971,1.566,1463,1967.8,0.789,0.306,1.6201e+05,56176,15.398,17.113,18.827,20.541,22.257,23.971,25.685,25.899,0,0,3.3277,3.4533,5.1692,6.885,8.6005,10.316,12.032,13.747,15.462,17.177,-0.085991,-0.17208,-0.26627,-0.36858,-0.47895,-0.59727,-0.72347,-0.74019,0,0,1.1781,1.1769,1.1525,1.1199,1.0792,1.0302,0.973,0.90764,0.8341,0.75237,0,0,0,0,0,0,0,0,0,0,0,0
0.16,-0.0025389,-0.003643,18.453,-0.08301,-0.003904,-0.018478,335.25,-4.0808,0.971,1.566,1463,1967.8,0.789,0.306,1.675e+05,58305,14.832,16.542,18.251,19.961,21.671,23.381,25.09,25.844,0,0,3.3218,4.6327,6.3436,8.0543,9.7647,11.476,13.186,14.896,16.606,18.315,-0.084507,-0.17049,-0.26458,-0.36679,-0.47706,-0.59528,-0.72138,-0.78047,0,0,1.172,1.1534,1.1209,1.0803,1.0314,0.97429,0.90903,0.83559,0.75395,0.66417,0,0,0,0,0,0,0,0,0,0,0,0
0.2,-0.003285,-0.014882,18.178,-0.083373,-0.0010902,-0.018478,335.98,-4.1437,0.971,1.566,1463,1967.8,0.789,0.306,1.7221e+05,57159,13.737,15.439,17.14,18.842,20.544,22.246,23.946,25.647,25.751,0,3.3104,3.5863,5.289,6.9915,8.6936,10.397,12.099,13.801,15.502,17.203,-0.0739,-0.15876,-0.25173,-0.35281,-0.46195,-0.57905,-0.70402,-0.83685,-0.84542,0,1.1611,1.1573,1.1259,1.0864,1.0387,0.98269,0.91855,0.84624,0.76573,0.67707,0,0,0,0,0,0,0,0,0,0,0,0
0.24,-0.0039326,-0.033281,17.907,-0.084272,0.0011141,-0.018057,336.7,-4.2067,0.971,1.566,1463,1967.8,0.789,0.306,1.7568e+05,60427,13.21,14.909,16.607,18.305,20.005,21.703,23.401,25.099,25.718,0,3.3051,4.775,6.4745,8.1737,9.8738,11.573,13.272,14.971,16.669,18.368,-0.062343,-0.14579,-0.23735,-0.33702,-0.44476,-0.56044,-0.684,-0.81542,-0.86614,0,1.1564,1.1305,1.0924,1.046,0.99147,0.92875,0.85785,0.77875,0.6915,0.59602,0,0,0,0,0,0,0,0,0,0,0,0
0.28,-0.0045266,-0.066951,17.792,-0.086324,0.0065405,-0.020755,337.41,-4.2705,0.971,1.566,1463,1967.8,0.789,0.306,1.694e+05,70685,12.695,14.392,16.088,17.785,19.483,21.18,22.876,24.572,25.698,0,3.3003,4.2678,5.9654,7.6628,9.3611,11.058,12.755,14.453,16.149,17.846,-0.042756,-0.12358,-0.2125,-0.30954,-0.41464,-0.5277,-0.64863,-0.77742,-0.86807,0,1.1526,1.137,1.1015,1.0578,1.0059,0.9458,0.87753,0.80106,0.71644,0.6236,0,0,0,0,0,0,0,0,0,0,0,0
0.32,-0.0037562,-0.086972,17.777,-0.089473,0.010923,-0.018392,338.12,-4.3359,0.971,1.566,1463,1967.8,0.789,0.306,1.5784e+05,85634,12.197,13.895,15.592,17.29,18.988,20.686,22.383,24.08,25.707,0,3.2974,3.7634,5.4617,7.1598,8.8588,10.557,12.255,13.953,15.65,17.348,-0.013375,-0.089947,-0.17463,-0.26742,-0.36827,-0.47708,-0.59376,-0.7183,-0.84514,0,1.1516,1.1453,1.1141,1.0746,1.0269,0.97108,0.90706,0.83484,0.75446,0.66587,0,0,0,0,0,0,0,0,0,0,0,0
0.36,-0.0025393,-0.093898,17.772,-0.093154,0.013623,-0.013485,338.83,-4.4029,0.971,1.566,1463,1967.8,0.789,0.306,1.453e+05,94298,11.739,13.441,15.141,16.843,18.545,20.247,21.947,23.648,25.349,25.682,11.712,13.413,15.113,16.814,18.516,20.218,21.918,23.619,25.319,25.743,-0.61669,-0.6828,-0.7571,-0.83965,-0.93049,-1.0296,-1.1369,-1.2525,-1.3763,-1.4022,0.020776,-0.050462,-0.12981,-0.21727,-0.31278,-0.41625,-0.52761,-0.64681,-0.77381,-0.80735,0,0,0,0,0,0,0,0,0,0,0,0
0.4,-0.0013308,-0.08825,17.772,-0.096802,0.014323,-0.013485,339.53,-4.4717,0.971,1.566,1463,1967.8,0.789,0.306,1.3689e+05,1.026e+05,10.785,12.496,14.207,15.919,17.631,19.343,21.054,22.765,24.476,25.795,10.753,12.465,14.175,15.886,17.599,19.31,21.021,22.732,24.443,25.855,-0.54967,-0.60406,-0.66666,-0.73751,-0.81663,-0.904,-0.99961,-1.1035,-1.2157,-1.3085,0.087607,0.028076,-0.03957,-0.11532,-0.19913,-0.2909,-0.39055,-0.49806,-0.61335,-0.71488,0,0,0,0,0,0,0,0,0,0,0,0
0.44,0.00098079,-0.045796,17.775,-0.099443,0.0097951,0.0067347,340.24,-4.5414,0.971,1.566,1463,1967.8,0.789,0.306,1.3255e+05,1.0769e+05,10.305,12.021,13.737,15.454,17.171,18.888,20.604,22.321,24.037,25.753,10.272,11.988,13.704,15.42,17.137,18.854,20.57,22.286,24.002,25.718,-0.52596,-0.57558,-0.6334,-0.69948,-0.77383,-0.85643,-0.94727,-1.0464,-1.1538,-1.2695,0.11123,0.056477,-0.0063952,-0.077377,-0.15641,-0.24341,-0.33829,-0.44103,-0.55156,-0.66981,0,0,0,0,0,0,0,0,0,0,0,0
0.48,0.0013749,-0.011304,17.779,-0.10055,0.00282,0.0089125,340.95,-4.6116,0.971,1.566,1463,1967.8,0.789,0.306,1.3077e+05,1.0985e+05,9.8193,11.54,13.261,14.982,16.703,18.425,20.145,21.866,23.587,25.307,9.7862,11.507,13.227,14.948,16.67,18.391,20.111,21.832,23.552,25.273,-0.51545,-0.56247,-0.61768,-0.68115,-0.75291,-0.83291,-0.92114,-1.0177,-1.1225,-1.2355,0.1217,0.069553,0.0092885,-0.059089,-0.13552,-0.21992,-0.3122,-0.41234,-0.52027,-0.63592,0,0,0,0,0,0,0,0,0,0,0,0
0.52,0.0008032,0.010933,17.847,-0.10049,-0.0038953,0.0078656,341.66,-4.6822,0.971,1.566,1463,1967.8,0.789,0.306,1.2695e+05,1.1099e+05,9.3287,11.053,12.777,14.501,16.227,17.952,19.676,21.4,23.124,24.848,9.2959,11.02,12.744,14.468,16.193,17.918,19.642,21.366,23.089,24.813,-0.51424,-0.5605,-0.61496,-0.67768,-0.74868,-0.82794,-0.91542,-1.0112,-1.1152,-1.2276,0.1229,0.071507,0.012001,-0.055623,-0.13131,-0.21496,-0.30649,-0.40588,-0.51306,-0.62796,0,0,0,0,0,0,0,0,0,0,0,0
0.56,-0.00028493,0.018063,18.053,-0.09984,-0.0095476,-0.011144,342.37,-4.7538,0.971,1.566,1463,1967.8,0.789,0.306,1.1026e+05,1.2624e+05,8.8347,10.563,12.29,14.018,15.746,17.475,19.202,20.93,22.657,24.384,8.8027,10.531,12.258,13.985,15.714,17.442,19.169,20.896,22.623,24.351,-0.51855,-0.56541,-0.62047,-0.6838,-0.75541,-0.83527,-0.92336,-1.0197,-1.1244,-1.2373,0.11861,0.066612,0.006504,-0.061725,-0.13802,-0.22228,-0.31441,-0.41441,-0.5222,-0.63771,0,0,0,0,0,0,0,0,0,0,0,0
0.6,-0.0015749,0.0093236,18.246,-0.099274,-0.012871,-0.011144,343.09,-4.8267,0.971,1.566,1463,1967.8,0.789,0.306,1.0641e+05,1.32e+05,7.8404,9.5799,11.319,13.058,14.798,16.538,18.277,20.016,21.755,23.494,7.8098,9.5492,11.288,13.027,14.767,16.507,18.245,19.984,21.723,23.461,-0.52987,-0.57948,-0.63728,-0.70336,-0.77772,-0.86034,-0.95118,-1.0503,-1.1577,-1.2734,0.10734,0.052594,-0.010257,-0.081234,-0.16028,-0.24729,-0.34217,-0.44492,-0.55546,-0.67372,0,0,0,0,0,0,0,0,0,0,0,0
0.64,-0.0024347,-0.0076297,18.435,-0.099235,-0.014894,-0.018451,343.82,-4.9009,0.971,1.566,1463,1967.8,0.789,0.306,1.0207e+05,1.3579e+05,7.3292,9.0739,10.818,12.563,14.308,16.053,17.797,19.541,21.285,23.029,7.2989,9.0435,10.787,12.532,14.277,16.022,17.765,19.509,21.253,22.997,-0.53112,-0.58139,-0.63985,-0.70659,-0.78162,-0.86489,-0.95639,-1.0562,-1.1643,-1.2806,0.1061,0.050697,-0.012814,-0.084452,-0.16416,-0.25183,-0.34738,-0.45078,-0.56199,-0.68091,0,0,0,0,0,0,0,0,0,0,0,0
0.68,-0.0025018,-0.022494,18.618,-0.099867,-0.01696,-0.012895,344.56,-4.9763,0.971,1.566,1463,1967.8,0.789,0.306,1.0156e+05,1.3492e+05,6.8078,8.5565,10.305,12.053,13.803,15.552,17.3,19.048,20.796,22.544,6.7773,8.5259,10.274,12.022,13.771,15.52,17.268,19.016,20.764,22.512,-0.52843,-0.57836,-0.63647,-0.70285,-0.77753,-0.86046,-0.95161,-1.051,-1.1588,-1.2748,0.10878,0.053723,-0.0094373,-0.080724,-0.16008,-0.2474,-0.34259,-0.44565,-0.5565,-0.67508,0,0,0,0,0,0,0,0,0,0,0,0
0.72,-0.0023533,-0.036002,18.805,-0.10103,-0.019355,-0.015362,345.3,-5.0532,0.971,1.566,1463,1967.8,0.789,0.306,1.085e+05,1.3101e+05,6.2767,8.0282,9.779,11.531,13.283,15.034,16.785,18.536,20.287,22.038,6.2458,7.9972,9.7477,11.499,13.251,15.002,16.753,18.504,20.254,22.005,-0.52321,-0.57188,-0.62874,-0.69387,-0.7673,-0.84897,-0.93887,-1.0371,-1.1435,-1.2583,0.11398,0.06018,-0.0017293,-0.071765,-0.14987,-0.23594,-0.32988,-0.43169,-0.54129,-0.65861,0,0,0,0,0,0,0,0,0,0,0,0
0.76,-0.0023063,-0.05723,18.947,-0.10293,-0.018373,-0.017828,346.05,-5.1318,0.971,1.566,1463,1967.8,0.789,0.306,1.156e+05,1.2335e+05,5.1923,6.9461,8.6993,10.453,12.208,13.962,15.715,17.469,19.222,20.975,5.1593,6.913,8.666,10.42,12.174,13.928,15.681,17.434,19.188,20.941,-0.50756,-0.55097,-0.60257,-0.66244,-0.73061,-0.80702,-0.89166,-0.98459,-1.0858,-1.1953,0.12954,0.080994,0.024341,-0.040435,-0.11328,-0.19409,-0.28277,-0.37932,-0.48366,-0.59573,0,0,0,0,0,0,0,0,0,0,0,0
0.8,-0.0018901,-0.071971,19.019,-0.10554,-0.01624,-0.017828,346.81,-5.2124,0.971,1.566,1463,1967.8,0.789,0.306,1.1439e+05,1.072e+05,4.643,6.3966,8.1496,9.9032,11.658,13.412,15.165,16.918,18.671,20.425,4.6084,6.3619,8.1146,9.8681,11.622,13.376,15.129,16.882,18.635,20.388,-0.49779,-0.53693,-0.58426,-0.63986,-0.70375,-0.77589,-0.85626,-0.94491,-1.0419,-1.1471,0.13923,0.094953,0.042569,-0.017936,-0.086508,-0.16304,-0.24745,-0.33973,-0.43981,-0.5476,0,0,0,0,0,0,0,0,0,0,0,0
0.84,-0.001335,-0.084749,19.079,-0.1087,-0.013082,-0.019757,347.57,-5.2951,0.971,1.566,1463,1967.8,0.789,0.306,1.1737e+05,1.0474e+05,4.0917,5.8444,7.5964,9.3492,11.103,12.856,14.608,16.361,18.113,19.866,4.0552,5.8077,7.5596,9.3122,11.066,12.819,14.571,16.323,18.075,19.828,-0.48849,-0.52257,-0.56484,-0.61538,-0.6742,-0.74127,-0.81658,-0.90017,-0.99206,-1.0922,0.14842,0.10921,0.061887,0.0064446,-0.057062,-0.12853,-0.20788,-0.2951,-0.39011,-0.49284,0,0,0,0,0,0,0,0,0,0,0,0
0.88,-0.00046291,-0.088946,19.137,-0.11221,-0.0098747,-0.016552,348.33,-5.38,0.971,1.566,1463,1967.8,0.789,0.306,1.2356e+05,1.0661e+05,3.5391,5.2904,7.0412,8.7928,10.545,12.297,14.048,15.8,17.551,19.303,3.5004,5.2517,7.0024,8.7538,10.506,12.258,14.009,15.76,17.511,19.263,-0.48039,-0.50874,-0.54529,-0.5901,-0.64319,-0.70453,-0.77411,-0.85198,-0.93813,-1.0326,0.1564,0.12291,0.081314,0.0316,-0.026176,-0.091915,-0.16554,-0.24703,-0.33631,-0.43332,0,0,0,0,0,0,0,0,0,0,0,0
0.92,0.00045167,-0.085352,19.19,-0.11574,-0.0075358,-0.012261,349.09,-5.4673,0.971,1.566,1463,1967.8,0.789,0.306,1.2217e+05,1.0373e+05,3.367,4.7356,6.4849,8.2351,9.9861,11.737,13.487,15.237,16.987,18.737,3.3642,4.6948,6.444,8.1941,9.9449,11.695,13.445,15.195,16.945,18.695,-0.47939,-0.49689,-0.52746,-0.5663,-0.61341,-0.66878,-0.73238,-0.80427,-0.88445,-0.97291,0.15554,0.13463,0.099001,0.055263,0.0034645,-0.056299,-0.12395,-0.19946,-0.28277,-0.3738,0,0,0,0,0,0,0,0,0,0,0,0
0.96,0.00098058,-0.081131,19.239,-0.11902,-0.0060783,-0.017689,349.85,-5.5567,0.971,1.566,1463,1967.8,0.789,0.306,1.2447e+05,99203,3.3638,3.6245,5.3707,7.1177,8.8656,10.613,12.36,14.107,15.854,17.602,3.3602,3.5801,5.3262,7.073,8.8208,10.568,12.315,14.062,15.809,17.556,-0.47989,-0.48153,-0.50071,-0.52814,-0.56386,-0.60783,-0.66004,-0.72054,-0.78932,-0.86639,0.15175,0.14972,0.12549,0.093144,0.052743,0.0043763,-0.051882,-0.116,-0.18792,-0.26756,0,0,0,0,0,0,0,0,0,0,0,0
1,0.00089046,-0.084552,19.285,-0.12235,0,-0.017689,350.62,-5.6487,0.971,1.566,1463,1967.8,0.789,0.306,1.2806e+05,1.0482e+05,3.3617,4.8132,6.5587,8.3052,10.051,11.797,13.542,15.288,17.034,18.78,3.3578,4.767,6.5124,8.2587,10.005,11.75,13.496,15.241,16.987,18.732,-0.47947,-0.49084,-0.51275,-0.54294,-0.58138,-0.62806,-0.68304,-0.7463,-0.81784,-0.89764,0.15033,0.13522,0.1084,0.073527,0.030686,-0.020047,-0.078645,-0.14504,-0.21915,-0.30089,0,0,0,0,0,0,0,0,0,0,0,0
1.04,0.0009624,-0.083973,19.328,-0.12572,0.014389,-0.016211,351.38,-5.7436,0.971,1.566,1463,1967.8,0.789,0.306,1.2967e+05,1.0225e+05,3.3594,4.2556,5.9997,7.7447,9.4895,11.234,12.978,14.722,16.467,18.211,3.3552,4.2077,5.9516,7.6965,9.4412,11.185,12.929,14.674,16.418,18.162,-0.47842,-0.48254,-0.49882,-0.52337,-0.55617,-0.59722,-0.64656,-0.70418,-0.77009,-0.84426,0.14976,0.14336,0.12218,0.092948,0.055745,0.010647,-0.042314,-0.10307,-0.17154,-0.24765,0,0,0,0,0,0,0,0,0,0,0,0
1.08,0.0011668,-0.082346,19.426,-0.12905,0.02842,-0.013634,352.15,-5.8412,0.971,1.566,1463,1967.8,0.789,0.306,1.2743e+05,1.0272e+05,3.3572,3.6979,5.4406,7.1842,8.9277,10.67,12.413,14.157,15.9,17.643,3.3527,3.6483,5.3909,7.1344,8.8778,10.62,12.363,14.106,15.85,17.592,-0.47577,-0.47624,-0.48691,-0.50586,-0.53306,-0.5685,-0.61224,-0.66426,-0.72456,-0.79313,0.15078,0.14952,0.13394,0.11031,0.078707,0.039212,-0.0081458,-0.063297,-0.12617,-0.19668,0,0,0,0,0,0,0,0,0,0,0,0
1.12,0.0011573,-0.076742,19.568,-0.13225,0.041159,-0.013398,352.92,-5.942,0.971,1.566,1463,1967.8,0.789,0.306,1.2573e+05,1.1527e+05,3.3562,4.8812,6.6243,8.3672,10.109,11.852,13.595,15.338,17.08,18.822,3.3516,4.8299,6.5729,8.3158,10.058,11.8,13.543,15.286,17.028,18.771,-0.47281,-0.47735,-0.49081,-0.51252,-0.54249,-0.58074,-0.62728,-0.6821,-0.74518,-0.81655,0.15192,0.14335,0.12521,0.099091,0.06508,0.023205,-0.026463,-0.083854,-0.14888,-0.22158,0,0,0,0,0,0,0,0,0,0,0,0
1.16,0.00097297,-0.069248,19.595,-0.13518,0.051724,-0.011275,353.7,-6.0456,0.971,1.566,1463,1967.8,0.789,0.306,1.2372e+05,1.1291e+05,3.3572,3.7561,5.5004,7.2446,8.9881,10.732,12.476,14.22,15.964,17.708,3.3527,3.7022,5.4464,7.1905,8.9339,10.678,12.422,14.166,15.91,17.653,-0.46614,-0.46502,-0.46842,-0.48007,-0.49997,-0.52815,-0.56463,-0.60939,-0.66241,-0.72372,0.1554,0.1554,0.14732,0.13126,0.10732,0.075507,0.035901,-0.011428,-0.066393,-0.12904,0,0,0,0,0,0,0,0,0,0,0,0
1.2,0.00080616,-0.062495,19.614,-0.13779,0.059342,-0.011275,354.48,-6.1516,0.971,1.566,1463,1967.8,0.789,0.306,1.2601e+05,1.0266e+05,3.357,4.9355,6.679,8.4219,10.165,11.909,13.652,15.396,17.139,18.882,3.3526,4.8804,6.6239,8.3667,10.11,11.853,13.597,15.34,17.083,18.826,-0.46179,-0.46085,-0.46806,-0.48352,-0.50727,-0.53931,-0.57963,-0.62822,-0.6851,-0.75025,0.15795,0.15476,0.14315,0.12364,0.096261,0.061091,0.018197,-0.032332,-0.090541,-0.15648,0,0,0,0,0,0,0,0,0,0,0,0
1.24,0.00056842,-0.060216,19.631,-0.14024,0.063405,-0.01145,355.25,-6.2599,0.971,1.566,1463,1967.8,0.789,0.306,1.2892e+05,98358,3.3562,4.37,6.1122,7.8538,9.5956,11.338,13.08,14.822,16.564,18.306,3.352,4.3141,6.0562,7.7976,9.5395,11.282,13.024,14.766,16.508,18.25,-0.4582,-0.45518,-0.45825,-0.46957,-0.48918,-0.51707,-0.55325,-0.5977,-0.65044,-0.71144,0.16002,0.1603,0.15283,0.13746,0.11423,0.083206,0.044455,-0.0019325,-0.055999,-0.1178,0,0,0,0,0,0,0,0,0,0,0,0
1.28,0.00037425,-0.058805,19.647,-0.14262,0.063519,-0.011229,356.03,-6.3702,0.971,1.566,1463,1967.8,0.789,0.306,1.2794e+05,97557,3.3549,3.8048,5.5455,7.2855,9.0259,10.767,12.508,14.248,15.988,17.729,3.351,3.748,5.4886,7.2285,8.9688,10.71,12.45,14.191,15.931,17.672,-0.45332,-0.45094,-0.44998,-0.45728,-0.47286,-0.49673,-0.52889,-0.56931,-0.61802,-0.675,0.16339,0.16443,0.16098,0.14964,0.13043,0.10343,0.068703,0.02634,-0.023704,-0.081481,0,0,0,0,0,0,0,0,0,0,0,0
1.32,0.00030864,-0.057096,19.662,-0.14494,0.059537,-0.0098579,356.81,-6.4826,0.971,1.566,1463,1967.8,0.789,0.306,1.3316e+05,95213,3.3521,4.4134,6.1503,7.8876,9.6252,11.363,13.101,14.838,16.575,18.312,3.3485,4.3548,6.0917,7.8289,9.5665,11.305,13.042,14.779,16.517,18.253,-0.4428,-0.43744,-0.43689,-0.44464,-0.46068,-0.48501,-0.51759,-0.55848,-0.60763,-0.66503,0.17075,0.17329,0.16978,0.15841,0.13924,0.11234,0.077811,0.035598,-0.014349,-0.072085,0,0,0,0,0,0,0,0,0,0,0,0
1.36,0.00047626,-0.051438,19.674,-0.14717,0.051573,-0.0018382,357.59,-6.5969,0.971,1.566,1463,1967.8,0.789,0.306,1.3278e+05,97177,3.3504,3.8482,5.5838,7.3197,9.0561,10.793,12.529,14.265,16.001,17.736,3.347,3.7889,5.5244,7.2603,8.9966,10.733,12.469,14.205,15.942,17.677,-0.43682,-0.43323,-0.42892,-0.43291,-0.44519,-0.46576,-0.49459,-0.53172,-0.57711,-0.63075,0.1753,0.17738,0.17763,0.17002,0.15461,0.13147,0.10069,0.062239,0.016049,-0.03793,0,0,0,0,0,0,0,0,0,0,0,0
1.4,0.000859,-0.036552,19.686,-0.1489,0.040009,-0.0018382,358.37,-6.7124,0.971,1.566,1463,1967.8,0.789,0.306,1.3274e+05,94712,3.3492,5.0182,6.7531,8.4883,10.224,11.959,13.694,15.429,17.163,18.898,3.3461,4.9583,6.6931,8.4283,10.164,11.899,13.634,15.369,17.103,18.838,-0.4309,-0.42369,-0.4245,-0.4336,-0.45098,-0.47663,-0.51057,-0.55278,-0.60324,-0.66197,0.17956,0.18276,0.17833,0.1661,0.14615,0.11856,0.083285,0.040278,-0.010517,-0.069217,0,0,0,0,0,0,0,0,0,0,0,0
1.44,0.00082366,-0.023908,19.696,-0.15009,0.025475,-0.00062802,359.15,-6.8291,0.971,1.566,1463,1967.8,0.789,0.306,1.3624e+05,97988,3.3478,4.4534,6.1873,7.9216,9.6563,11.39,13.124,14.859,16.592,18.326,3.3452,4.3932,6.1271,7.8613,9.596,11.33,13.064,14.798,16.532,18.265,-0.42737,-0.42107,-0.41948,-0.42618,-0.44118,-0.46443,-0.49598,-0.5358,-0.58386,-0.64019,0.18178,0.18531,0.18327,0.17344,0.15588,0.13068,0.097804,0.05719,0.0087897,-0.047517,0,0,0,0,0,0,0,0,0,0,0,0
1.48,0.00042505,-0.014688,19.705,-0.15084,0.0088155,-0.00073818,359.92,-6.9467,0.971,1.566,1463,1967.8,0.789,0.306,1.3684e+05,1.0017e+05,3.3465,3.8891,5.6223,7.3559,9.09,10.823,12.557,14.29,16.023,17.756,3.3443,3.8289,5.5621,7.2956,9.0296,10.763,12.496,14.23,15.962,17.695,-0.42373,-0.4201,-0.41681,-0.42181,-0.43511,-0.45666,-0.4865,-0.52463,-0.57098,-0.62562,0.18412,0.18623,0.18589,0.17776,0.1619,0.1384,0.10722,0.06831,0.02161,-0.032996,0,0,0,0,0,0,0,0,0,0,0,0
1.52,-0.00017971,-0.011261,19.712,-0.15133,-0.0089577,-0.0028714,360.7,-7.0652,0.971,1.566,1463,1967.8,0.789,0.306,1.3447e+05,96583,3.3447,4.4939,6.2266,7.9597,9.692,11.425,13.157,14.889,16.621,18.353,3.3434,4.4338,6.1664,7.8994,9.6317,11.364,13.097,14.828,16.561,18.292,-0.41834,-0.41485,-0.41789,-0.42922,-0.44881,-0.4767,-0.51286,-0.55726,-0.60993,-0.67086,0.18677,0.18779,0.18162,0.16772,0.14618,0.11697,0.080013,0.035276,-0.01737,-0.077978,0,0,0,0,0,0,0,0,0,0,0,0
1.56,-0.00077043,-0.012902,19.719,-0.15179,-0.026728,-0.0058667,361.48,-7.1846,0.971,1.566,1463,1967.8,0.789,0.306,1.3548e+05,1.006e+05,3.3444,3.9301,5.6625,7.3953,9.1274,10.86,12.592,14.323,16.055,17.787,3.3432,3.8699,5.6023,7.335,9.0671,10.799,12.532,14.263,15.995,17.726,-0.41602,-0.41399,-0.41627,-0.42685,-0.44568,-0.47281,-0.50821,-0.55185,-0.60377,-0.66394,0.18791,0.18863,0.18322,0.17007,0.1493,0.12083,0.084638,0.040659,-0.011231,-0.071082,0,0,0,0,0,0,0,0,0,0,0,0
1.6,-0.0012917,-0.018998,19.723,-0.15243,-0.043343,-0.0058667,362.26,-7.3049,0.971,1.566,1463,1967.8,0.789,0.306,1.3806e+05,1.0145e+05,3.3437,3.3662,5.0984,6.831,8.5628,10.295,12.027,13.758,15.49,17.221,3.3427,5.0381,6.7706,8.5024,10.235,11.966,13.698,15.429,17.161,18.892,-0.41279,-0.4127,-0.41404,-0.42368,-0.44157,-0.46776,-0.50223,-0.54493,-0.59591,-0.65514,0.18979,0.18541,0.1732,0.15337,0.12585,0.090589,0.047549,-0.0034008,-0.062314,-0.12926,0,0,0,0,0,0,0,0,0,0,0,0
1.64,-0.0019924,-0.035914,19.727,-0.15355,-0.057692,-0.012604,363.04,-7.4264,0.971,1.566,1463,1967.8,0.789,0.306,1.3418e+05,97614,3.3432,4.5343,6.2666,7.9982,9.7301,11.462,13.193,14.924,16.656,18.387,3.3422,4.4737,6.2059,7.9375,9.6693,11.401,13.132,14.863,16.594,18.325,-0.41098,-0.41098,-0.41927,-0.43582,-0.46067,-0.49378,-0.53514,-0.58477,-0.64266,-0.70879,0.19047,0.18843,0.17756,0.15907,0.1329,0.098987,0.057292,0.0076879,-0.04988,-0.11548,0,0,0,0,0,0,0,0,0,0,0,0
1.68,-0.0020063,-0.04946,19.73,-0.15527,-0.068775,-0.013199,363.82,-7.5494,0.971,1.566,1463,1967.8,0.789,0.306,1.3463e+05,95861,3.343,3.9702,5.7022,7.4335,9.1651,10.897,12.627,14.359,16.09,17.821,3.3418,3.9088,5.6408,7.3721,9.1037,10.835,12.566,14.297,16.028,17.759,-0.40735,-0.40655,-0.41264,-0.42698,-0.44962,-0.48054,-0.51969,-0.56712,-0.6228,-0.68673,0.19308,0.19278,0.18412,0.16784,0.14386,0.11216,0.072667,0.025267,-0.030096,-0.093496,0,0,0,0,0,0,0,0,0,0,0,0
1.72,-0.0017445,-0.060029,19.731,-0.15747,-0.075777,-0.014146,364.6,-7.6737,0.971,1.566,1463,1967.8,0.789,0.306,1.3539e+05,1.0069e+05,3.3425,4.5734,6.3044,8.0357,9.7669,11.497,13.228,14.959,16.69,18.421,3.3407,4.5099,6.2409,7.9722,9.7033,11.434,13.165,14.895,16.626,18.356,-0.39778,-0.39742,-0.40518,-0.42123,-0.44556,-0.47812,-0.51897,-0.56807,-0.62541,-0.69098,0.2005,0.1991,0.18941,0.17202,0.1469,0.11399,0.073179,0.0244,-0.032417,-0.097345,0,0,0,0,0,0,0,0,0,0,0,0
1.76,-0.0011873,-0.065256,19.731,-0.16003,-0.078124,-0.0088874,365.38,-7.7996,0.971,1.566,1463,1967.8,0.789,0.306,1.3388e+05,96255,3.3423,4.009,5.7398,7.4709,9.2019,10.932,12.663,14.394,16.125,17.855,3.3402,3.9442,5.675,7.4061,9.1371,10.867,12.598,14.329,16.059,17.79,-0.39221,-0.39043,-0.39405,-0.40596,-0.42616,-0.45459,-0.4913,-0.53626,-0.58946,-0.6509,0.20522,0.20595,0.20038,0.18713,0.16615,0.13738,0.1007,0.056055,0.0033737,-0.05742,0,0,0,0,0,0,0,0,0,0,0,0
1.8,-0.00037582,-0.0617,19.731,-0.16256,-0.075526,-0.0088874,366.16,-7.9269,0.971,1.566,1463,1967.8,0.789,0.306,1.3237e+05,95794,3.3423,3.4448,5.1753,6.9062,8.637,10.367,12.098,13.828,15.559,17.29,3.34,3.3787,5.1093,6.8401,8.5709,10.301,12.032,13.762,15.492,17.223,-0.38568,-0.38516,-0.3845,-0.39213,-0.40804,-0.43219,-0.46462,-0.5053,-0.55423,-0.61139,0.21091,0.21106,0.20977,0.20081,0.1841,0.15961,0.12721,0.086852,0.03845,-0.018063,0,0,0,0,0,0,0,0,0,0,0,0
1.84,0.00058949,-0.045778,19.729,-0.16469,-0.068008,-0.0017252,366.94,-8.0554,0.971,1.566,1463,1967.8,0.789,0.306,1.3603e+05,97530,3.3422,4.6111,6.3417,8.0723,9.8023,11.533,13.263,14.994,16.724,18.456,3.3398,4.544,6.2746,8.0052,9.7352,11.466,13.196,14.926,16.656,18.388,-0.38091,-0.37747,-0.38108,-0.39296,-0.41308,-0.44148,-0.47813,-0.52303,-0.57616,-0.63759,0.21473,0.21665,0.21171,0.19904,0.17857,0.15021,0.11387,0.069498,0.017013,-0.043727,0,0,0,0,0,0,0,0,0,0,0,0
1.88,0.0007801,-0.033303,19.727,-0.16626,-0.055915,-0.0014644,367.71,-8.1848,0.971,1.566,1463,1967.8,0.789,0.306,1.3625e+05,96456,3.3419,4.0472,5.7776,7.508,9.2378,10.968,12.698,14.429,16.159,17.89,3.3397,3.9794,5.7099,7.4402,9.17,10.9,12.63,14.36,16.09,17.821,-0.37691,-0.37368,-0.37403,-0.38265,-0.39952,-0.42467,-0.45807,-0.49971,-0.54959,-0.60777,0.2181,0.22032,0.21864,0.20922,0.19201,0.1669,0.13381,0.092694,0.043462,-0.014028,0,0,0,0,0,0,0,0,0,0,0,0
1.92,0.00052257,-0.026295,19.724,-0.16742,-0.039897,-0.003036,368.49,-8.3153,0.971,1.566,1463,1967.8,0.789,0.306,1.3412e+05,93994,3.3418,4.6506,6.3807,8.1102,9.8402,11.57,13.3,15.03,16.762,18.493,3.3402,4.5822,6.3123,8.0417,9.7716,11.501,13.231,14.961,16.692,18.423,-0.37053,-0.36741,-0.37156,-0.38395,-0.40462,-0.43354,-0.47071,-0.51611,-0.56982,-0.63177,0.22308,0.22509,0.22015,0.20742,0.18678,0.15817,0.12153,0.076772,0.023753,-0.037558,0,0,0,0,0,0,0,0,0,0,0,0
1.96,2.5696e-05,-0.025198,19.721,-0.16841,-0.020878,-0.0076775,369.27,-8.4469,0.971,1.566,1463,1967.8,0.789,0.306,1.3394e+05,98207,3.342,4.0875,5.8176,7.5472,9.2772,11.007,12.737,14.467,16.199,17.93,3.3407,4.0188,5.7489,7.4784,9.2083,10.938,12.668,14.398,16.129,17.86,-0.36821,-0.36571,-0.36819,-0.3789,-0.39789,-0.42514,-0.46063,-0.50436,-0.55639,-0.61667,0.22497,0.22672,0.22345,0.2124,0.19344,0.16651,0.13155,0.088467,0.037123,-0.022514,0,0,0,0,0,0,0,0,0,0,0,0
2,-0.00060623,-0.031104,19.719,-0.16955,3.5701e-16,-0.0076775,370.05,-8.5797,0.971,1.566,1463,1967.8,0.789,0.306,1.3678e+05,99032,3.342,3.5244,5.2545,6.9841,8.7142,10.444,12.174,13.905,15.636,17.368,3.3408,3.4553,5.1855,6.915,8.645,10.375,12.105,13.835,15.566,17.297,-0.36486,-0.36407,-0.36484,-0.37385,-0.39114,-0.41669,-0.45048,-0.49251,-0.54284,-0.60142,0.22789,0.2283,0.22674,0.21739,0.20012,0.1749,0.14163,0.10025,0.050603,-0.007335,0,0,0,0,0,0,0,0,0,0,0,0
2.04,-0.00085576,-0.035562,19.716,-0.17088,0.021442,-0.0073866,370.82,-8.7139,0.971,1.566,1463,1967.8,0.789,0.306,1.3709e+05,96930,3.3418,4.6913,6.4208,8.1509,9.881,11.611,13.341,15.073,16.804,18.536,3.3405,4.6217,6.3512,8.0812,9.8111,11.541,13.271,15.002,16.733,18.465,-0.36196,-0.36099,-0.36798,-0.38326,-0.40679,-0.43857,-0.47858,-0.5269,-0.58346,-0.64826,0.23017,0.2305,0.22317,0.20792,0.18471,0.15346,0.1141,0.06647,0.010548,-0.053738,0,0,0,0,0,0,0,0,0,0,0,0
2.08,-0.00043011,-0.029314,19.713,-0.17223,0.042083,-0.0004345,371.6,-8.8491,0.971,1.566,1463,1967.8,0.789,0.306,1.3361e+05,95610,3.3418,3.5651,5.2947,7.0247,8.7548,10.485,12.215,13.947,15.678,17.41,3.3406,3.4944,5.2239,6.9539,8.6838,10.414,12.144,13.875,15.606,17.338,-0.35533,-0.35459,-0.3571,-0.36789,-0.38694,-0.41423,-0.44976,-0.49359,-0.54567,-0.60599,0.23628,0.23672,0.23387,0.22311,0.20439,0.17762,0.14274,0.099593,0.048154,-0.01165,0,0,0,0,0,0,0,0,0,0,0,0
2.12,0.00040079,-0.0089418,19.711,-0.17311,0.060574,0.012859,372.38,-8.9847,0.971,1.566,1463,1967.8,0.789,0.306,1.3447e+05,98619,3.3421,4.732,6.4622,8.1924,9.9227,11.653,13.385,15.116,16.848,18.579,3.3411,4.6611,6.3911,8.1212,9.8512,11.581,13.312,15.044,16.776,18.506,-0.35374,-0.35442,-0.36355,-0.38093,-0.40656,-0.44042,-0.4826,-0.53301,-0.59167,-0.6585,0.23739,0.23649,0.22739,0.21033,0.18523,0.15201,0.11053,0.060751,0.0026079,-0.063837,0,0,0,0,0,0,0,0,0,0,0,0
2.16,0.0004654,0.013307,19.708,-0.17293,0.075671,0.0046898,373.15,-9.1199,0.971,1.566,1463,1967.8,0.789,0.306,1.3718e+05,99007,3.3423,4.1698,5.9,7.6303,9.3605,11.091,12.822,14.554,16.286,18.017,3.3419,4.0993,5.8294,7.5595,9.2895,11.019,12.751,14.482,16.214,17.945,-0.35513,-0.35543,-0.36433,-0.38148,-0.40689,-0.44053,-0.48248,-0.53268,-0.59111,-0.65773,0.23589,0.23547,0.2266,0.20977,0.18489,0.1519,0.11064,0.061083,0.0031585,-0.063065,0,0,0,0,0,0,0,0,0,0,0,0
2.2,-0.00046513,0.017852,19.705,-0.17229,0.086315,0.0046898,373.93,-9.2553,0.971,1.566,1463,1967.8,0.789,0.306,1.3607e+05,95810,3.3425,3.6079,5.3381,7.0682,8.7985,10.529,12.26,13.992,15.724,17.454,3.3428,3.5381,5.2682,6.9982,8.7281,10.458,12.189,13.921,15.652,17.383,-0.35744,-0.35766,-0.36741,-0.38542,-0.41167,-0.44616,-0.48897,-0.54003,-0.59932,-0.66679,0.23348,0.23327,0.22355,0.20587,0.18014,0.1463,0.10419,0.053773,-0.0050072,-0.072085,0,0,0,0,0,0,0,0,0,0,0,0
2.24,-0.001745,0.0051376,19.702,-0.17185,0.09171,-0.0036911,374.71,-9.3911,0.971,1.566,1463,1967.8,0.789,0.306,1.3246e+05,95668,3.3427,4.7762,6.5063,8.2365,9.9665,11.698,13.43,15.161,16.892,18.623,3.3434,4.7069,6.4368,8.1667,9.8965,11.628,13.359,15.09,16.821,18.551,-0.36078,-0.36976,-0.38886,-0.41621,-0.4518,-0.49571,-0.54786,-0.60825,-0.67682,-0.7536,0.22977,0.22125,0.20247,0.17565,0.14071,0.097498,0.045986,-0.013894,-0.082069,-0.15854,0,0,0,0,0,0,0,0,0,0,0,0
2.28,-0.0022823,-0.0072818,19.7,-0.17189,0.091378,-0.0052038,375.48,-9.5274,0.971,1.566,1463,1967.8,0.789,0.306,1.361e+05,99651,3.3431,3.6518,5.3821,7.1124,8.8426,10.574,12.306,14.038,15.769,17.499,3.3436,3.5826,5.3127,7.0427,8.7726,10.504,12.235,13.967,15.698,17.428,-0.36627,-0.3683,-0.38794,-0.41583,-0.45196,-0.49641,-0.5491,-0.61003,-0.67914,-0.75645,0.2243,0.22273,0.20341,0.17605,0.14057,0.09682,0.044768,-0.015651,-0.084367,-0.16138,0,0,0,0,0,0,0,0,0,0,0,0
2.32,-0.0023652,-0.017907,19.697,-0.17241,0.085199,-0.0059794,376.26,-9.6642,0.971,1.566,1463,1967.8,0.789,0.306,1.3489e+05,98581,3.3428,4.8196,6.5499,8.2801,10.012,11.744,13.475,15.206,16.937,18.667,3.3431,4.7499,6.4799,8.2098,9.9411,11.673,13.404,15.135,16.865,18.595,-0.36874,-0.3849,-0.41207,-0.44749,-0.49122,-0.5432,-0.60342,-0.67181,-0.74841,-0.83317,0.22156,0.20643,0.17978,0.14502,0.10198,0.050639,-0.0090657,-0.077067,-0.15336,-0.23784,0,0,0,0,0,0,0,0,0,0,0,0
2.36,-0.0021281,-0.025184,19.695,-0.17329,0.073426,-0.0051326,377.03,-9.8014,0.971,1.566,1463,1967.8,0.789,0.306,1.329e+05,94146,3.3428,4.2571,5.9874,7.7175,9.4491,11.181,12.913,14.643,16.374,18.104,3.3428,4.1869,5.9169,7.6467,9.3779,11.109,12.841,14.571,16.302,18.032,-0.37188,-0.38121,-0.40712,-0.44126,-0.48373,-0.53444,-0.59338,-0.6605,-0.73584,-0.81933,0.21852,0.21006,0.18468,0.15119,0.10942,0.059349,0.00091498,-0.065817,-0.14084,-0.22405,0,0,0,0,0,0,0,0,0,0,0,0
2.4,-0.0017261,-0.028718,19.692,-0.17437,0.05668,-0.0051326,377.81,-9.9391,0.971,1.566,1463,1967.8,0.789,0.306,1.3705e+05,96803,3.3426,3.6946,5.4247,7.1547,8.8862,10.618,12.35,14.08,15.811,17.541,3.3424,3.6238,5.3537,7.0834,8.8145,10.546,12.277,14.008,15.738,17.468,-0.3744,-0.37766,-0.40191,-0.4344,-0.47521,-0.52426,-0.58156,-0.64702,-0.7207,-0.80254,0.2161,0.21355,0.18982,0.15798,0.11786,0.069452,0.012673,-0.052406,-0.12578,-0.20733,0,0,0,0,0,0,0,0,0,0,0,0
2.44,-0.0013617,-0.030211,19.689,-0.17556,0.035916,-0.0051017,378.58,-10.077,0.971,1.566,1463,1967.8,0.789,0.306,1.3248e+05,98418,3.3423,4.8623,6.5923,8.3238,10.055,11.787,13.518,15.248,16.978,18.707,3.3418,4.7906,6.5203,8.2514,9.9828,11.714,13.445,15.175,16.905,18.634,-0.37747,-0.39715,-0.42778,-0.46673,-0.51393,-0.56937,-0.63298,-0.7048,-0.78479,-0.87293,0.21283,0.19451,0.16452,0.12626,0.079708,0.024784,-0.038439,-0.10996,-0.18966,-0.27748,0,0,0,0,0,0,0,0,0,0,0,0
2.48,-0.0011893,-0.033426,19.685,-0.17682,0.01237,-0.0070939,379.36,-10.216,0.971,1.566,1463,1967.8,0.789,0.306,1.3529e+05,93843,3.3423,3.7377,5.4677,7.1992,8.9308,10.663,12.393,14.124,15.854,17.583,3.3413,3.6648,5.3945,7.1256,8.8569,10.588,12.319,14.05,15.779,17.508,-0.38539,-0.38959,-0.41619,-0.4511,-0.49427,-0.54566,-0.60524,-0.67303,-0.74898,-0.83309,0.20524,0.2019,0.17595,0.14172,0.099204,0.048317,-0.010871,-0.078353,-0.15402,-0.23781,0,0,0,0,0,0,0,0,0,0,0,0
2.52,-0.00072531,-0.031056,19.68,-0.17817,-0.012512,-0.0019312,380.13,-10.356,0.971,1.566,1463,1967.8,0.789,0.306,1.3534e+05,99318,3.342,4.9054,6.6368,8.3685,10.1,11.831,13.562,15.292,17.021,18.75,3.3407,4.8315,6.5625,8.2939,10.025,11.756,13.487,15.216,16.945,18.675,-0.38906,-0.41107,-0.44373,-0.48463,-0.53378,-0.5911,-0.65664,-0.73033,-0.81219,-0.90225,0.2014,0.18098,0.14901,0.10874,0.060109,0.0031741,-0.062055,-0.13547,-0.21701,-0.30667,0,0,0,0,0,0,0,0,0,0,0,0
2.56,-0.00068282,-0.029309,19.674,-0.17929,-0.037169,-0.012411,380.91,-10.496,0.971,1.566,1463,1967.8,0.789,0.306,1.333e+05,95096,3.342,4.3434,6.0749,7.8065,9.5382,11.269,13,14.73,16.459,18.189,3.3406,4.269,6,7.7314,9.4629,11.193,12.924,14.654,16.383,18.112,-0.39463,-0.40756,-0.43821,-0.47711,-0.52424,-0.57956,-0.64308,-0.71477,-0.79462,-0.88267,0.19604,0.1844,0.15444,0.11618,0.069559,0.014633,-0.048588,-0.11999,-0.19952,-0.28718,0,0,0,0,0,0,0,0,0,0,0,0
2.6,-0.001242,-0.042461,19.665,-0.18075,-0.060014,-0.012411,381.68,-10.638,0.971,1.566,1463,1967.8,0.789,0.306,1.3711e+05,95170,3.3419,3.7815,5.5129,7.2444,8.9759,10.707,12.437,14.167,15.896,17.626,3.3403,3.7066,5.4375,7.1687,8.9001,10.63,12.361,14.091,15.82,17.549,-0.39964,-0.40483,-0.43355,-0.47052,-0.51573,-0.56911,-0.63071,-0.70048,-0.7784,-0.86452,0.19123,0.18704,0.15901,0.12269,0.077991,0.024993,-0.036299,-0.10578,-0.18338,-0.26911,0,0,0,0,0,0,0,0,0,0,0,0
2.64,-0.0022596,-0.074496,19.656,-0.18313,-0.079545,-0.025395,382.45,-10.782,0.971,1.566,1463,1967.8,0.789,0.306,1.3526e+05,97273,3.3413,4.3888,6.1202,7.8517,9.5822,11.313,13.043,14.772,16.501,18.231,3.3387,4.3112,6.0422,7.7735,9.5038,11.234,12.964,14.693,16.422,18.151,-0.40579,-0.41912,-0.44938,-0.48789,-0.53457,-0.58947,-0.65254,-0.72377,-0.80319,-0.89082,0.18514,0.17315,0.14352,0.10553,0.059233,0.0046395,-0.058142,-0.12905,-0.20809,-0.29519,0,0,0,0,0,0,0,0,0,0,0,0
2.68,-0.0019646,-0.09604,19.647,-0.18659,-0.094437,-0.024123,383.23,-10.928,0.971,1.566,1463,1967.8,0.789,0.306,1.3112e+05,93182,3.3413,3.8267,5.558,7.2894,9.0199,10.751,12.48,14.21,15.939,17.669,3.3378,3.7472,5.4781,7.2093,8.9396,10.67,12.4,14.129,15.858,17.587,-0.40525,-0.40987,-0.43459,-0.46754,-0.50868,-0.55804,-0.61556,-0.68124,-0.75513,-0.8372,0.18588,0.18214,0.15807,0.12562,0.084869,0.035823,-0.021414,-0.086785,-0.16028,-0.24183,0,0,0,0,0,0,0,0,0,0,0,0
2.72,-0.00098992,-0.10579,19.638,-0.1907,-0.10364,-0.019343,384,-11.076,0.971,1.566,1463,1967.8,0.789,0.306,1.3145e+05,97237,3.3413,4.9958,6.7272,8.4576,10.188,11.918,13.647,15.377,17.107,18.836,3.3372,4.9138,6.6449,8.3751,10.106,11.835,13.564,15.294,17.023,18.752,-0.40275,-0.42008,-0.44646,-0.48102,-0.5238,-0.57475,-0.63387,-0.70118,-0.77669,-0.86035,0.18821,0.17227,0.1464,0.11222,0.069749,0.019084,-0.039717,-0.10664,-0.18162,-0.26458,0,0,0,0,0,0,0,0,0,0,0,0
2.76,7.46e-05,-0.10472,19.628,-0.19495,-0.10643,-0.013305,384.77,-11.227,0.971,1.566,1463,1967.8,0.789,0.306,1.3551e+05,96446,3.341,4.4337,6.1647,7.8949,9.6252,11.355,13.084,14.813,16.543,18.272,3.3364,4.3497,6.0805,7.8104,9.5407,11.27,12.999,14.728,16.457,18.186,-0.40089,-0.40792,-0.4273,-0.45486,-0.49064,-0.53459,-0.58671,-0.64703,-0.71554,-0.79221,0.19025,0.1841,0.16523,0.13805,0.10258,0.058913,0.0071086,-0.05282,-0.12081,-0.19677,0,0,0,0,0,0,0,0,0,0,0,0
2.8,0.0010728,-0.095687,19.619,-0.19894,-0.1025,-0.013305,385.54,-11.38,0.971,1.566,1463,1967.8,0.789,0.306,1.3348e+05,91898,3.3405,3.872,5.6025,7.3321,9.062,10.791,12.52,14.249,15.978,17.707,3.3356,3.786,5.5163,7.2458,8.9756,10.705,12.433,14.162,15.891,17.619,-0.39767,-0.39895,-0.41135,-0.43194,-0.46074,-0.49772,-0.54286,-0.59621,-0.65775,-0.72745,0.19366,0.19275,0.18086,0.16065,0.13215,0.095458,0.050625,-0.0023313,-0.063348,-0.13234,0,0,0,0,0,0,0,0,0,0,0,0
2.84,0.0019535,-0.080753,19.61,-0.20245,-0.091955,-0.0080944,386.31,-11.535,0.971,1.566,1463,1967.8,0.789,0.306,1.3465e+05,90334,3.3402,4.48,6.2086,7.9376,9.6659,11.394,13.122,14.85,16.578,18.307,3.3355,4.3911,6.1196,7.8484,9.5766,11.304,13.032,14.76,16.487,18.216,-0.39173,-0.39181,-0.40011,-0.41663,-0.44132,-0.47417,-0.51523,-0.56449,-0.6219,-0.68756,0.19957,0.19981,0.19189,0.17568,0.15128,0.11873,0.078061,0.029329,-0.027384,-0.092102,0,0,0,0,0,0,0,0,0,0,0,0
2.88,0.0021024,-0.068241,19.6,-0.20542,-0.07533,-0.0077557,387.07,-11.693,0.971,1.566,1463,1967.8,0.789,0.306,1.3451e+05,96395,3.3401,3.9198,5.6483,7.377,9.1051,10.833,12.561,14.289,16.017,17.746,3.3358,3.83,5.5582,7.2868,9.0148,10.742,12.47,14.198,15.925,17.654,-0.38895,-0.38729,-0.39054,-0.402,-0.42164,-0.44943,-0.48544,-0.52964,-0.582,-0.6426,0.20252,0.20408,0.20122,0.19006,0.17072,0.14323,0.10761,0.063939,0.012283,-0.047383,0,0,0,0,0,0,0,0,0,0,0,0
2.92,0.0018612,-0.057084,19.592,-0.20792,-0.05356,-0.0064647,387.84,-11.852,0.971,1.566,1463,1967.8,0.789,0.306,1.3642e+05,94427,3.3401,3.3601,5.0883,6.8169,8.5449,10.272,12,13.728,15.456,17.185,3.3361,4.9975,6.726,8.4538,10.181,11.909,13.636,15.363,17.092,18.821,-0.38515,-0.38504,-0.3839,-0.39097,-0.40621,-0.42961,-0.46123,-0.50104,-0.549,-0.60522,0.20617,0.20765,0.20088,0.18593,0.16284,0.13161,0.09233,0.045065,-0.010212,-0.073413,0,0,0,0,0,0,0,0,0,0,0,0
2.96,0.0013639,-0.050131,19.582,-0.21004,-0.027931,-0.0082393,388.61,-12.013,0.971,1.566,1463,1967.8,0.789,0.306,1.399e+05,94881,3.3396,4.5288,6.2572,7.985,9.7123,11.44,13.168,14.895,16.625,18.354,3.3359,4.4373,6.1656,7.8932,9.6203,11.348,13.075,14.802,16.531,18.26,-0.38293,-0.37953,-0.3828,-0.39425,-0.41386,-0.44167,-0.47769,-0.52186,-0.57428,-0.6349,0.20843,0.21183,0.20886,0.1977,0.17841,0.15098,0.11549,0.072028,0.020544,-0.038864,0,0,0,0,0,0,0,0,0,0,0,0
3,0.00070157,-0.047822,19.573,-0.21199,0,-0.0082393,389.37,-12.176,0.971,1.566,1463,1967.8,0.789,0.306,1.3623e+05,96078,3.3391,3.9697,5.698,7.4258,9.1531,10.881,12.609,14.336,16.065,17.795,3.3357,3.8777,5.6059,7.3335,9.0606,10.788,12.516,14.243,15.971,17.7,-0.37972,-0.37668,-0.37658,-0.38465,-0.40088,-0.42532,-0.45796,-0.49875,-0.5478,-0.60506,0.21178,0.21451,0.21492,0.20713,0.19122,0.16717,0.13506,0.09497,0.04686,-0.0091773,0,0,0,0,0,0,0,0,0,0,0,0
3.04,0.00056563,-0.038914,19.565,-0.21372,0,-0.0042909,390.14,-12.341,0.971,1.566,1463,1967.8,0.789,0.306,1.3649e+05,96531,3.3392,4.5811,6.3093,8.0369,9.765,11.493,13.221,14.951,16.681,18.411,3.3364,4.4879,6.2159,7.9433,9.6712,11.399,13.127,14.855,16.585,18.315,-0.37194,-0.36751,-0.3695,-0.37966,-0.39803,-0.42459,-0.45932,-0.5023,-0.55349,-0.61288,0.21936,0.22368,0.22197,0.21213,0.19416,0.16812,0.1341,0.092058,0.042085,-0.015731,0,0,0,0,0,0,0,0,0,0,0,0
3.08,0.00051101,-0.025682,19.557,-0.21503,0,0.00039673,390.9,-12.507,0.971,1.566,1463,1967.8,0.789,0.306,1.3648e+05,1.0075e+05,3.3394,4.023,5.7514,7.4792,9.2075,10.936,12.664,14.394,16.124,17.855,3.3369,3.9295,5.6577,7.3853,9.1134,10.842,12.569,14.298,16.028,17.758,-0.36869,-0.36532,-0.36497,-0.37277,-0.38879,-0.41301,-0.44538,-0.48602,-0.53486,-0.5919,0.22272,0.22575,0.22639,0.2189,0.20327,0.17959,0.14792,0.10823,0.060602,0.005131,0,0,0,0,0,0,0,0,0,0,0,0
3.12,7.3729e-05,-0.015246,19.55,-0.21582,0,-0.00012656,391.67,-12.674,0.971,1.566,1463,1967.8,0.789,0.306,1.37e+05,96923,3.3396,3.4651,5.1936,6.9216,8.65,10.379,12.107,13.837,15.567,17.298,3.3377,3.3716,5.0999,6.8277,8.5559,10.284,12.012,13.741,15.471,17.201,-0.36552,-0.36479,-0.36283,-0.36903,-0.38345,-0.40606,-0.43683,-0.47587,-0.52312,-0.57857,0.22599,0.2262,0.22844,0.22256,0.20854,0.18645,0.15639,0.1183,0.072268,0.018394,0,0,0,0,0,0,0,0,0,0,0,0
3.16,-0.00040351,-0.0080505,19.543,-0.2163,0,0.0029396,392.43,-12.842,0.971,1.566,1463,1967.8,0.789,0.306,1.3957e+05,95597,3.3396,4.636,6.3639,8.0923,9.821,11.549,13.279,15.009,16.74,18.469,3.3381,4.5424,6.2701,7.9983,9.7265,11.454,13.183,14.913,16.643,18.372,-0.36417,-0.36191,-0.36706,-0.38042,-0.40198,-0.4317,-0.46969,-0.51589,-0.57029,-0.63283,0.22701,0.22931,0.22448,0.21151,0.19048,0.16147,0.12443,0.079453,0.026627,-0.033967,0,0,0,0,0,0,0,0,0,0,0,0
3.2,-0.0007635,0.00017798,19.535,-0.21643,0,0.0029396,393.19,-13.01,0.971,1.566,1463,1967.8,0.789,0.306,1.3549e+05,96657,3.3396,4.0787,5.8066,7.535,9.2637,10.992,12.722,14.452,16.182,17.911,3.3384,3.9853,5.713,7.4411,9.1694,10.897,12.626,14.356,16.086,17.815,-0.36314,-0.36157,-0.36605,-0.37874,-0.39964,-0.42869,-0.46601,-0.51155,-0.56529,-0.62717,0.22814,0.22962,0.22546,0.21316,0.1928,0.16446,0.12808,0.083763,0.031598,-0.028333,0,0,0,0,0,0,0,0,0,0,0,0
3.24,-0.001457,0.00014934,19.529,-0.21642,0,9.4674e-05,393.96,-13.179,0.971,1.566,1463,1967.8,0.789,0.306,1.3685e+05,96432,3.3403,4.6933,6.422,8.151,9.8795,11.61,13.34,15.071,16.8,18.529,3.3399,4.6004,6.3288,8.0574,9.7853,11.515,13.245,14.975,16.704,18.433,-0.36282,-0.3662,-0.37874,-0.39949,-0.42838,-0.46556,-0.51095,-0.56455,-0.62628,-0.69619,0.22822,0.2253,0.21316,0.19295,0.16477,0.12854,0.084371,0.032353,-0.027427,-0.095091,0,0,0,0,0,0,0,0,0,0,0,0
3.28,-0.0021404,-0.0058858,19.522,-0.21651,0,-0.0034084,394.72,-13.348,0.971,1.566,1463,1967.8,0.789,0.306,1.3852e+05,99961,3.3403,4.1367,5.8656,7.5948,9.3234,11.054,12.784,14.515,16.245,17.974,3.3401,4.044,5.7726,7.5014,9.2295,10.959,12.689,14.42,16.149,17.878,-0.36368,-0.36565,-0.37814,-0.39885,-0.4277,-0.46483,-0.51019,-0.56375,-0.62544,-0.6953,0.22746,0.22585,0.21375,0.19358,0.16545,0.12926,0.085135,0.033157,-0.026582,-0.094205,0,0,0,0,0,0,0,0,0,0,0,0
3.32,-0.0025471,-0.014009,19.516,-0.2169,0,-0.0051765,395.48,-13.517,0.971,1.566,1463,1967.8,0.789,0.306,1.3648e+05,96541,3.3403,3.5801,5.3091,7.0385,8.7673,10.498,12.229,13.96,15.689,17.419,3.3402,3.4873,5.2162,6.9451,8.6734,10.403,12.134,13.864,15.594,17.323,-0.36361,-0.36415,-0.37623,-0.39652,-0.42496,-0.46169,-0.50663,-0.55978,-0.62106,-0.69052,0.22763,0.22733,0.21564,0.19589,0.16817,0.13239,0.088672,0.037103,-0.022226,-0.089438,0,0,0,0,0,0,0,0,0,0,0,0
3.36,-0.0026513,-0.022021,19.511,-0.21763,0,-0.006032,396.24,-13.688,0.971,1.566,1463,1967.8,0.789,0.306,1.3379e+05,95918,3.3405,4.7526,6.4821,8.2111,9.9416,11.673,13.404,15.134,16.863,18.594,3.3405,4.6595,6.3886,8.117,9.8469,11.577,13.308,15.038,16.767,18.497,-0.36415,-0.37332,-0.39276,-0.42035,-0.45622,-0.50032,-0.55262,-0.61305,-0.68165,-0.75857,0.22678,0.21851,0.19961,0.17273,0.13781,0.094941,0.044223,-0.014257,-0.080618,-0.15509,0,0,0,0,0,0,0,0,0,0,0,0
3.4,-0.002539,-0.028807,19.506,-0.21866,0,-0.006032,397,-13.858,0.971,1.566,1463,1967.8,0.789,0.306,1.3517e+05,99290,3.3411,3.6394,5.3692,7.0985,8.8294,10.561,12.292,14.023,15.752,17.483,3.3408,3.5454,5.2748,7.0036,8.7338,10.465,12.196,13.926,15.655,17.386,-0.36484,-0.36626,-0.38269,-0.40727,-0.44014,-0.48123,-0.53052,-0.58794,-0.65354,-0.72745,0.22633,0.22541,0.20951,0.18565,0.15373,0.11387,0.066158,0.010686,-0.052669,-0.12413,0,0,0,0,0,0,0,0,0,0,0,0
3.44,-0.0022055,-0.031423,19.501,-0.21987,0,-0.0049524,397.76,-14.03,0.971,1.566,1463,1967.8,0.789,0.306,1.3667e+05,97299,3.3411,4.8125,6.5418,8.2727,10.004,11.736,13.466,15.196,16.927,18.659,3.3407,4.7176,6.4463,8.1766,9.9075,11.639,13.369,15.098,16.829,18.561,-0.36531,-0.37761,-0.40021,-0.43111,-0.47022,-0.51753,-0.57298,-0.63661,-0.70854,-0.78879,0.22557,0.21449,0.1926,0.16266,0.12477,0.079035,0.025539,-0.035842,-0.10533,-0.18306,0,0,0,0,0,0,0,0,0,0,0,0
3.48,-0.0015468,-0.025471,19.496,-0.22104,0,0.00037819,398.52,-14.202,0.971,1.566,1463,1967.8,0.789,0.306,1.3481e+05,94286,3.3413,4.2559,5.9851,7.716,9.4474,11.179,12.909,14.639,16.37,18.102,3.3406,4.1605,5.8892,7.6194,9.3503,11.081,12.811,14.541,16.272,18.004,-0.36676,-0.37332,-0.39388,-0.42272,-0.45978,-0.50504,-0.55844,-0.62001,-0.6899,-0.7681,0.22429,0.21866,0.19882,0.17093,0.1351,0.091414,0.039969,-0.019361,-0.086799,-0.16247,0,0,0,0,0,0,0,0,0,0,0,0
3.52,-0.0014899,-0.023503,19.493,-0.22197,0,-0.0044998,399.28,-14.374,0.971,1.566,1463,1967.8,0.789,0.306,1.3152e+05,95461,3.3418,3.6997,5.4289,7.1598,8.8912,10.623,12.353,14.083,15.814,17.546,3.3411,3.6039,5.3327,7.0629,8.7938,10.525,12.255,13.985,15.715,17.448,-0.36851,-0.37073,-0.3896,-0.41677,-0.45215,-0.49574,-0.54746,-0.60736,-0.67557,-0.7521,0.22271,0.22117,0.20301,0.17679,0.14264,0.10063,0.050858,-0.0067954,-0.072559,-0.14656,0,0,0,0,0,0,0,0,0,0,0,0
3.56,-0.0014842,-0.023342,19.489,-0.22294,0,0.00021145,400.04,-14.547,0.971,1.566,1463,1967.8,0.789,0.306,1.3532e+05,98095,3.3422,4.8728,6.6037,8.3352,10.067,11.797,13.527,15.258,16.991,18.722,3.3415,4.7762,6.5066,8.2375,9.9687,11.699,13.429,15.16,16.892,18.623,-0.37083,-0.3862,-0.41185,-0.44572,-0.48779,-0.538,-0.59639,-0.66308,-0.7381,-0.82128,0.22014,0.20633,0.18163,0.14898,0.10849,0.060235,0.0040959,-0.060154,-0.13264,-0.21331,0,0,0,0,0,0,0,0,0,0,0,0
3.6,-0.001269,-0.017133,19.486,-0.22373,0,0.00021145,400.8,-14.721,0.971,1.566,1463,1967.8,0.789,0.306,1.3593e+05,97071,3.3419,3.7603,5.4912,7.2227,8.9542,10.685,12.415,14.146,15.878,17.609,3.3411,3.6633,5.3935,7.1245,8.8556,10.586,12.315,14.046,15.779,17.51,-0.37741,-0.3809,-0.40363,-0.43457,-0.47372,-0.521,-0.57645,-0.64023,-0.71232,-0.79257,0.21401,0.21146,0.18969,0.15997,0.12241,0.07708,0.023869,-0.037455,-0.10702,-0.18477,0,0,0,0,0,0,0,0,0,0,0,0
3.64,-0.0019687,-0.027226,19.482,-0.22463,0,-0.0078623,401.56,-14.895,0.971,1.566,1463,1967.8,0.789,0.306,1.3426e+05,92977,3.342,4.9351,6.6665,8.3979,10.128,11.858,13.589,15.322,17.053,18.784,3.3411,4.8372,6.568,8.2991,10.029,11.759,13.49,15.222,16.953,18.684,-0.38071,-0.40037,-0.42995,-0.46773,-0.51364,-0.56773,-0.63014,-0.70087,-0.77976,-0.86692,0.21052,0.19288,0.16453,0.12832,0.084363,0.032519,-0.02744,-0.095643,-0.17202,-0.25677,0,0,0,0,0,0,0,0,0,0,0,0
3.68,-0.0015865,-0.023816,19.48,-0.22571,0,5.9393e-05,402.32,-15.071,0.971,1.566,1463,1967.8,0.789,0.306,1.325e+05,96674,3.3425,4.379,6.1104,7.8419,9.5724,11.302,13.033,14.766,16.497,18.228,3.3414,4.2806,6.0115,7.7426,9.4728,11.202,12.933,14.666,16.397,18.128,-0.38469,-0.39639,-0.42414,-0.4601,-0.50419,-0.55646,-0.61704,-0.68595,-0.76302,-0.84836,0.20684,0.19675,0.17022,0.13585,0.093708,0.043687,-0.01445,-0.08083,-0.15539,-0.23832,0,0,0,0,0,0,0,0,0,0,0,0
3.72,-0.002058,-0.028846,19.478,-0.22665,0,-0.011395,403.08,-15.247,0.971,1.566,1463,1967.8,0.789,0.306,1.3142e+05,98654,3.3432,3.8231,5.5546,7.2862,9.0169,10.747,12.478,14.211,15.942,17.673,3.342,3.7245,5.4555,7.1867,8.917,10.647,12.378,14.11,15.842,17.573,-0.38885,-0.39383,-0.42,-0.45438,-0.49689,-0.54758,-0.60658,-0.67391,-0.7494,-0.83316,0.20298,0.19922,0.17428,0.14148,0.10093,0.052486,-0.00407,-0.068872,-0.14185,-0.2232,0,0,0,0,0,0,0,0,0,0,0,0
3.76,-0.0022003,-0.036261,19.476,-0.22805,0,-1.6454e-06,403.84,-15.424,0.971,1.566,1463,1967.8,0.789,0.306,1.2977e+05,96584,3.3437,4.9985,6.7302,8.4608,10.191,11.922,13.655,15.386,17.117,18.848,3.3425,4.8991,6.6303,8.3606,10.09,11.822,13.554,15.286,17.017,18.748,-0.39254,-0.41594,-0.44863,-0.48945,-0.53844,-0.59575,-0.66139,-0.73519,-0.81726,-0.90755,0.19916,0.17825,0.14714,0.10828,0.061529,0.0066641,-0.056449,-0.12774,-0.2074,-0.29548,0,0,0,0,0,0,0,0,0,0,0,0
3.8,-0.001527,-0.026914,19.475,-0.22929,0,-1.6454e-06,404.6,-15.602,0.971,1.566,1463,1967.8,0.789,0.306,1.3298e+05,94550,3.344,3.8856,5.6166,7.3466,9.0761,10.807,12.539,14.27,16,17.731,3.3427,3.7852,5.5158,7.2455,8.9747,10.705,12.437,14.168,15.899,17.629,-0.401,-0.40725,-0.43542,-0.47173,-0.51621,-0.56901,-0.63015,-0.69944,-0.777,-0.86278,0.19148,0.18669,0.16009,0.12574,0.083503,0.033148,-0.025457,-0.092238,-0.16739,-0.25097,0,0,0,0,0,0,0,0,0,0,0,0
3.84,-0.002416,-0.042748,19.473,-0.2307,0,-0.012806,405.36,-15.781,0.971,1.566,1463,1967.8,0.789,0.306,1.3498e+05,93732,3.3437,5.0599,6.7894,8.5184,10.249,11.98,13.711,15.441,17.171,18.9,3.3423,4.9587,6.6879,8.4167,10.147,11.878,13.609,15.339,17.069,18.799,-0.40466,-0.4305,-0.46468,-0.50703,-0.55771,-0.61672,-0.68389,-0.75933,-0.84298,-0.93489,0.18776,0.1649,0.13267,0.092561,0.044332,-0.01215,-0.076806,-0.14983,-0.23129,-0.32129,0,0,0,0,0,0,0,0,0,0,0,0
3.88,-0.0016258,-0.036782,19.471,-0.23238,0,-1.8922e-05,406.11,-15.961,0.971,1.566,1463,1967.8,0.789,0.306,1.3284e+05,92404,3.3433,4.5033,6.2325,7.9612,9.6913,11.423,13.153,14.883,16.612,18.341,3.3417,4.4014,6.1303,7.8587,9.5884,11.32,13.05,14.78,16.51,18.239,-0.40879,-0.42433,-0.45564,-0.49513,-0.54294,-0.59907,-0.66337,-0.73594,-0.81673,-0.90577,0.18412,0.17089,0.14154,0.1043,0.058941,0.00533,-0.056456,-0.12662,-0.2052,-0.29234,0,0,0,0,0,0,0,0,0,0,0,0
3.92,-0.0020023,-0.041647,19.469,-0.2338,0,-0.01486,406.87,-16.142,0.971,1.566,1463,1967.8,0.789,0.306,1.3337e+05,94703,3.3433,3.9472,5.6763,7.4048,9.1346,10.866,12.596,14.326,16.055,17.784,3.3418,3.8448,5.5736,7.3018,9.0314,10.762,12.492,14.223,15.952,17.681,-0.4132,-0.42042,-0.44921,-0.48619,-0.53148,-0.58511,-0.6469,-0.71696,-0.79524,-0.88177,0.18021,0.17466,0.14782,0.1131,0.07025,0.019149,-0.040127,-0.10778,-0.18385,-0.26848,0,0,0,0,0,0,0,0,0,0,0,0
3.96,-0.002069,-0.049647,19.467,-0.23575,0,-6.0323e-06,407.63,-16.325,0.971,1.566,1463,1967.8,0.789,0.306,1.3753e+05,98727,3.3424,4.5639,6.2924,8.0224,9.7536,11.484,13.214,14.943,16.672,18.401,3.3406,4.4598,6.1881,7.9177,9.6489,11.379,13.109,14.839,16.568,18.298,-0.42037,-0.43666,-0.46789,-0.50745,-0.55534,-0.61139,-0.67571,-0.74825,-0.82905,-0.91814,0.1737,0.16004,0.13105,0.093946,0.048584,-0.0049539,-0.066866,-0.13721,-0.2161,-0.30368,0,0,0,0,0,0,0,0,0,0,0,0
4,-0.0011426,-0.035804,19.465,-0.23742,0,-6.0323e-06,408.38,-16.508,0.971,1.566,1463,1967.8,0.789,0.306,1.3692e+05,96291,3.3418,4.0078,5.7364,7.4664,9.1977,10.928,12.658,14.387,16.117,17.846,3.3401,3.9032,5.6315,7.3612,9.0924,10.823,12.553,14.283,16.012,17.741,-0.42443,-0.43221,-0.46057,-0.49727,-0.5423,-0.59549,-0.65695,-0.72663,-0.80457,-0.89079,0.17027,0.16433,0.13821,0.10396,0.061456,0.01078,-0.048273,-0.11575,-0.19178,-0.27651,0,0,0,0,0,0,0,0,0,0,0,0
4.04,-0.0018724,-0.046091,19.464,-0.23907,0,-0.011483,409.14,-16.693,0.971,1.566,1463,1967.8,0.789,0.306,1.3552e+05,96332,3.3416,3.452,5.1807,6.9108,8.6422,10.372,12.103,13.832,15.562,17.291,3.34,3.3469,5.0753,6.8051,8.5365,10.267,11.997,13.727,15.457,17.186,-0.42807,-0.4292,-0.45502,-0.48917,-0.53166,-0.5823,-0.64122,-0.70835,-0.78374,-0.86743,0.16724,0.16718,0.14361,0.11191,0.071951,0.02382,-0.032688,-0.097623,-0.17111,-0.25329,0,0,0,0,0,0,0,0,0,0,0,0
4.08,-0.0024091,-0.061966,19.462,-0.24121,0,-0.01724,409.89,-16.88,0.971,1.566,1463,1967.8,0.789,0.306,1.3935e+05,99458,3.3411,4.6249,6.3552,8.0868,9.8171,11.548,13.278,15.007,16.737,18.466,3.3394,4.5187,6.2486,7.9802,9.7107,11.441,13.172,14.901,16.631,18.361,-0.43177,-0.44866,-0.47974,-0.51915,-0.56672,-0.62256,-0.68663,-0.75894,-0.83955,-0.92845,0.16377,0.14978,0.12116,0.084273,0.039216,-0.014218,-0.076081,-0.14649,-0.22561,-0.31345,0,0,0,0,0,0,0,0,0,0,0,0
4.12,-0.0021853,-0.071593,19.46,-0.24394,0,-0.013451,410.65,-17.069,0.971,1.566,1463,1967.8,0.789,0.306,1.3626e+05,1.0027e+05,3.3404,4.0688,5.7994,7.5313,9.2619,10.993,12.723,14.453,16.183,17.913,3.3383,3.9614,5.6916,7.4235,9.1543,10.885,12.616,14.346,16.076,17.806,-0.43358,-0.44151,-0.46866,-0.50415,-0.5478,-0.59972,-0.65986,-0.72826,-0.80495,-0.88993,0.16267,0.15669,0.13199,0.09903,0.057894,0.008382,-0.049559,-0.11605,-0.19124,-0.27517,0,0,0,0,0,0,0,0,0,0,0,0
4.16,-0.0016176,-0.073584,19.46,-0.24687,0,-0.010322,411.4,-17.259,0.971,1.566,1463,1967.8,0.789,0.306,1.3637e+05,96605,3.3401,4.6875,6.4199,8.151,9.8825,11.613,13.344,15.075,16.805,18.535,3.3374,4.5769,6.3092,8.0405,9.7721,11.503,13.234,14.965,16.695,18.425,-0.43381,-0.44759,-0.47363,-0.50783,-0.55031,-0.60101,-0.65997,-0.72721,-0.80276,-0.88659,0.1634,0.15247,0.12896,0.097272,0.057206,0.0087086,-0.048341,-0.11409,-0.18858,-0.27176,0,0,0,0,0,0,0,0,0,0,0,0
4.2,-0.0010456,-0.070013,19.458,-0.24974,0,-0.010322,412.16,-17.451,0.971,1.566,1463,1967.8,0.789,0.306,1.3535e+05,1.0098e+05,3.3404,4.1315,5.8641,7.5954,9.3271,11.058,12.789,14.52,16.251,17.981,3.3376,4.0197,5.7522,7.4837,9.2154,10.947,12.678,14.409,16.14,17.87,-0.43412,-0.44003,-0.46131,-0.49074,-0.52845,-0.57439,-0.62858,-0.69106,-0.76184,-0.84091,0.16387,0.15973,0.14099,0.11406,0.078763,0.035032,-0.017253,-0.078238,-0.14796,-0.22638,0,0,0,0,0,0,0,0,0,0,0,0
4.24,-0.00082545,-0.06678,19.458,-0.25247,0,-0.010729,412.91,-17.645,0.971,1.566,1463,1967.8,0.789,0.306,1.3135e+05,98231,3.341,3.5756,5.3083,7.0398,8.7716,10.503,12.234,13.965,15.696,17.426,3.3381,3.4626,5.1952,6.9268,8.6587,10.39,12.121,13.853,15.584,17.314,-0.43342,-0.43455,-0.45124,-0.4761,-0.50923,-0.55058,-0.60019,-0.6581,-0.7243,-0.79879,0.16535,0.16492,0.15076,0.12842,0.097697,0.058546,0.010841,-0.045565,-0.11071,-0.18455,0,0,0,0,0,0,0,0,0,0,0,0
4.28,-0.00075556,-0.065933,19.458,-0.25512,0,-0.011685,413.66,-17.841,0.971,1.566,1463,1967.8,0.789,0.306,1.2991e+05,96097,3.3418,4.7522,6.4836,8.2153,9.9465,11.677,13.408,15.139,16.87,18.6,3.339,4.6381,6.3696,8.1014,9.8328,11.564,13.295,15.026,16.757,18.487,-0.43304,-0.44303,-0.46346,-0.49217,-0.52909,-0.57428,-0.62776,-0.68954,-0.75961,-0.83798,0.16599,0.15869,0.14077,0.11448,0.07975,0.03647,-0.015511,-0.07623,-0.14565,-0.22372,0,0,0,0,0,0,0,0,0,0,0,0
4.32,-0.0001,-0.054151,19.458,-0.25763,0,0.00025597,414.42,-18.039,0.971,1.566,1463,1967.8,0.789,0.306,1.3226e+05,96609,3.3425,4.196,5.9271,7.6585,9.3894,11.12,12.851,14.582,16.312,18.042,3.3397,4.0808,5.812,7.5435,9.2746,11.005,12.736,14.467,16.198,17.928,-0.43243,-0.43631,-0.45236,-0.47669,-0.50924,-0.55004,-0.59914,-0.65654,-0.72223,-0.79622,0.16741,0.16512,0.15158,0.12967,0.099324,0.060424,0.012822,-0.043517,-0.10856,-0.18225,0,0,0,0,0,0,0,0,0,0,0,0
4.36,8.8989e-05,-0.039622,19.458,-0.25943,0,-0.0069414,415.17,-18.238,0.971,1.566,1463,1967.8,0.789,0.306,1.328e+05,92348,3.3429,4.8143,6.5447,8.2746,10.004,11.734,13.464,15.193,16.922,18.65,3.3405,4.6978,6.4283,8.1584,9.8882,11.618,13.348,15.078,16.807,18.535,-0.43136,-0.43895,-0.45614,-0.48156,-0.51524,-0.55721,-0.60748,-0.66605,-0.73291,-0.80808,0.16956,0.16454,0.14975,0.12653,0.094763,0.054288,0.0050757,-0.052837,-0.11941,-0.19457,0,0,0,0,0,0,0,0,0,0,0,0
4.4,-0.00049937,-0.039265,19.457,-0.26101,0,-0.0069414,415.92,-18.438,0.971,1.566,1463,1967.8,0.789,0.306,1.3424e+05,90880,3.3427,4.2585,5.9884,7.7178,9.4471,11.176,12.906,14.635,16.363,18.091,3.3406,4.1416,5.8716,7.6012,9.3306,11.06,12.789,14.518,16.247,17.975,-0.43214,-0.43546,-0.45,-0.47277,-0.50379,-0.54311,-0.59072,-0.64663,-0.71085,-0.78336,0.16959,0.16785,0.15572,0.13516,0.10604,0.068218,0.021659,-0.0336,-0.097519,-0.17003,0,0,0,0,0,0,0,0,0,0,0,0
4.44,-0.0009507,-0.041939,19.456,-0.26263,0,-0.0081501,416.67,-18.64,0.971,1.566,1463,1967.8,0.789,0.306,1.3799e+05,94269,3.3421,3.7028,5.4325,7.1617,8.8908,10.62,12.349,14.078,15.806,17.533,3.3403,3.5853,5.3151,7.0445,8.7737,10.503,12.232,13.961,15.689,17.417,-0.43157,-0.43233,-0.44423,-0.46435,-0.49273,-0.5294,-0.57437,-0.62764,-0.68921,-0.75908,0.17096,0.17081,0.16132,0.1434,0.11693,0.081749,0.037833,-0.014783,-0.076059,-0.14592,0,0,0,0,0,0,0,0,0,0,0,0
4.48,-0.0011824,-0.043491,19.455,-0.26435,0,-0.0078356,417.42,-18.844,0.971,1.566,1463,1967.8,0.789,0.306,1.3412e+05,96980,3.3418,4.877,6.6063,8.3354,10.065,11.794,13.523,15.251,16.979,18.706,3.34,4.7589,6.4884,8.2177,9.9471,11.676,13.405,15.134,16.862,18.589,-0.43063,-0.43874,-0.45611,-0.48173,-0.51565,-0.55787,-0.60838,-0.6672,-0.7343,-0.80973,0.17214,0.16662,0.15145,0.12774,0.095316,0.054156,0.004295,-0.054227,-0.12134,-0.19703,0,0,0,0,0,0,0,0,0,0,0,0
4.52,-0.0013145,-0.044818,19.455,-0.26611,0,-0.008139,418.17,-19.049,0.971,1.566,1463,1967.8,0.789,0.306,1.3459e+05,97155,3.342,4.3216,6.0512,7.7806,9.5101,11.24,12.969,14.698,16.426,18.153,3.3403,4.2028,5.9326,7.6621,9.3919,11.121,12.851,14.58,16.308,18.035,-0.43026,-0.43383,-0.44836,-0.47115,-0.50224,-0.54162,-0.5893,-0.64528,-0.70956,-0.78215,0.17328,0.17133,0.159,0.13812,0.10853,0.070209,0.023182,-0.032506,-0.096783,-0.16965,0,0,0,0,0,0,0,0,0,0,0,0
4.56,-0.0011045,-0.040738,19.455,-0.2679,0,0.0027945,418.92,-19.255,0.971,1.566,1463,1967.8,0.789,0.306,1.3605e+05,1.0154e+05,3.342,4.9404,6.6704,8.4005,10.131,11.86,13.59,15.318,17.047,18.774,3.3404,4.8202,6.5503,8.2807,10.011,11.741,13.47,15.199,16.927,18.655,-0.42694,-0.43494,-0.45185,-0.47707,-0.51058,-0.55239,-0.6025,-0.66091,-0.72763,-0.80265,0.17755,0.17203,0.15702,0.1333,0.10085,0.05969,0.0098715,-0.048537,-0.11553,-0.19105,0,0,0,0,0,0,0,0,0,0,0,0
4.6,-0.00053151,-0.022925,19.455,-0.26914,0,0.0027945,419.67,-19.462,0.971,1.566,1463,1967.8,0.789,0.306,1.3613e+05,97956,3.342,4.3848,6.115,7.8452,9.5754,11.305,13.035,14.764,16.492,18.219,3.3407,4.2643,5.9945,7.725,9.4553,11.185,12.915,14.644,16.372,18.1,-0.42734,-0.43114,-0.44571,-0.46857,-0.49973,-0.53919,-0.58696,-0.64301,-0.70739,-0.78006,0.17786,0.17567,0.16301,0.14164,0.11153,0.072726,0.025256,-0.030803,-0.095447,-0.16861,0,0,0,0,0,0,0,0,0,0,0,0
4.64,-0.0013444,-0.026921,19.454,-0.27013,0,-0.0062483,420.42,-19.67,0.971,1.566,1463,1967.8,0.789,0.306,1.3614e+05,96240,3.342,3.8294,5.5595,7.2897,9.0199,10.75,12.479,14.208,15.936,17.664,3.3411,3.7087,5.4389,7.1693,8.8996,10.63,12.359,14.088,15.817,17.544,-0.42796,-0.42929,-0.44224,-0.46349,-0.49304,-0.53088,-0.57703,-0.63147,-0.69422,-0.76528,0.17794,0.17741,0.16636,0.14661,0.11812,0.080928,0.035074,-0.019369,-0.082396,-0.15394,0,0,0,0,0,0,0,0,0,0,0,0
4.68,-0.0018627,-0.034215,19.454,-0.27134,0,-0.0088284,421.17,-19.879,0.971,1.566,1463,1967.8,0.789,0.306,1.365e+05,98440,3.3419,5.004,6.7343,8.4644,10.194,11.924,13.653,15.381,17.109,18.836,3.3412,4.883,6.6135,8.3438,10.074,11.804,13.532,15.261,16.988,18.716,-0.42751,-0.43826,-0.45776,-0.48555,-0.52164,-0.56603,-0.61871,-0.67971,-0.74901,-0.82663,0.17849,0.17022,0.15222,0.12548,0.090049,0.045951,-0.006736,-0.068008,-0.1378,-0.21612,0,0,0,0,0,0,0,0,0,0,0,0
4.72,-0.0019906,-0.040636,19.453,-0.27285,0,-0.0085218,421.92,-20.089,0.971,1.566,1463,1967.8,0.789,0.306,1.368e+05,98010,3.3415,3.8929,5.6233,7.3536,9.0838,10.814,12.543,14.271,15.999,17.726,3.3407,3.7705,5.5011,7.2316,8.9618,10.692,12.421,14.15,15.877,17.605,-0.42705,-0.42915,-0.44404,-0.46722,-0.49871,-0.53849,-0.58657,-0.64297,-0.70767,-0.78068,0.18017,0.17901,0.16562,0.14349,0.11266,0.073164,0.025081,-0.031588,-0.096777,-0.1705,0,0,0,0,0,0,0,0,0,0,0,0
4.76,-0.0019968,-0.047038,19.452,-0.27458,0,-0.012594,422.67,-20.301,0.971,1.566,1463,1967.8,0.789,0.306,1.3506e+05,97658,3.3415,5.0678,6.7982,8.5284,10.258,11.988,13.716,15.444,17.172,18.899,3.3405,4.9447,6.6753,8.4056,10.136,11.865,13.594,15.322,17.05,18.777,-0.42506,-0.43712,-0.45751,-0.48619,-0.52318,-0.56847,-0.62207,-0.68397,-0.75419,-0.83267,0.18215,0.17233,0.153,0.12497,0.088276,0.04299,-0.010882,-0.073275,-0.1442,-0.22354,0,0,0,0,0,0,0,0,0,0,0,0
4.8,-0.0020231,-0.056629,19.452,-0.27668,0,-0.012594,423.42,-20.514,0.971,1.566,1463,1967.8,0.789,0.306,1.3286e+05,97647,3.3416,4.5121,6.2427,7.973,9.703,11.432,13.161,14.889,16.617,18.344,3.3405,4.388,6.1187,7.8491,9.5793,11.309,13.038,14.766,16.494,18.221,-0.42424,-0.43022,-0.44737,-0.47281,-0.50655,-0.5486,-0.59895,-0.65761,-0.7246,-0.79984,0.18345,0.179,0.16292,0.13813,0.10468,0.062632,0.012001,-0.047152,-0.11484,-0.19094,0,0,0,0,0,0,0,0,0,0,0,0
4.84,-0.0015914,-0.059313,19.452,-0.279,0,-0.01042,424.16,-20.729,0.971,1.566,1463,1967.8,0.789,0.306,1.3748e+05,97885,3.3416,3.9563,5.6868,7.4172,9.1472,10.877,12.605,14.334,16.062,17.789,3.3402,3.831,5.5616,7.292,9.0223,10.752,12.481,14.209,15.937,17.665,-0.42187,-0.4237,-0.43712,-0.45885,-0.48888,-0.5272,-0.57385,-0.6288,-0.69206,-0.7636,0.18629,0.18526,0.17289,0.15182,0.12209,0.083757,0.036841,-0.0186,-0.082573,-0.15497,0,0,0,0,0,0,0,0,0,0,0,0
4.88,-0.00072935,-0.050424,19.451,-0.28125,0,-0.0030851,424.91,-20.945,0.971,1.566,1463,1967.8,0.789,0.306,1.3431e+05,97111,3.3412,3.4004,5.1309,6.8611,8.5911,10.32,12.049,13.777,15.505,17.233,3.3397,5.0044,6.7348,8.465,10.194,11.923,13.652,15.38,17.107,18.835,-0.41843,-0.41847,-0.428,-0.44583,-0.47196,-0.50639,-0.54914,-0.6002,-0.65957,-0.72721,0.18988,0.18173,0.16456,0.13872,0.10428,0.061263,0.0097168,-0.050363,-0.11886,-0.19585,0,0,0,0,0,0,0,0,0,0,0,0
4.92,-0.00023413,-0.039033,19.451,-0.28304,0,-0.0012518,425.66,-21.162,0.971,1.566,1463,1967.8,0.789,0.306,1.3407e+05,93569,3.3416,4.0197,5.7499,7.4798,9.209,10.938,12.666,14.394,16.121,17.849,3.3401,3.8916,5.6218,7.3519,9.0812,10.81,12.538,14.267,15.994,17.722,-0.41599,-0.41714,-0.42839,-0.44794,-0.47579,-0.51196,-0.55643,-0.60923,-0.67029,-0.73971,0.19271,0.19211,0.18152,0.16226,0.13441,0.097969,0.053002,-0.00049824,-0.06242,-0.13283,0,0,0,0,0,0,0,0,0,0,0,0
4.96,-0.00022022,-0.030518,19.45,-0.2844,0,-0.0041555,426.4,-21.38,0.971,1.566,1463,1967.8,0.789,0.306,1.3646e+05,98470,3.3416,3.4644,5.1946,6.9245,8.6538,10.383,12.111,13.839,15.566,17.294,3.3404,5.066,6.7961,8.5255,10.254,11.983,13.711,15.438,17.166,18.895,-0.41488,-0.41492,-0.42381,-0.44101,-0.46651,-0.50033,-0.54244,-0.59289,-0.6516,-0.71867,0.19414,0.18592,0.16902,0.14352,0.10943,0.066816,0.015669,-0.043899,-0.11196,-0.1884,0,0,0,0,0,0,0,0,0,0,0,0
5,-0.00060364,-0.02789,19.45,-0.28556,0,-0.0041555,427.15,-21.599,0.971,1.566,1463,1967.8,0.789,0.306,1.3317e+05,97748,3.3418,4.6394,6.3695,8.0989,9.8278,11.556,13.284,15.012,16.74,18.468,3.3407,4.5104,6.2406,7.9701,9.6992,11.428,13.156,14.884,16.612,18.34,-0.41529,-0.42048,-0.43569,-0.4592,-0.49104,-0.53117,-0.57963,-0.63636,-0.70144,-0.77483,0.19334,0.18911,0.17419,0.15068,0.11857,0.077942,0.028779,-0.028806,-0.09488,-0.16934,0,0,0,0,0,0,0,0,0,0,0,0
5.04,-0.0010257,-0.03016,19.45,-0.28672,0,-0.0060175,427.9,-21.819,0.971,1.566,1463,1967.8,0.789,0.306,1.3671e+05,94722,3.342,4.0842,5.8142,7.5436,9.2726,11.001,12.729,14.457,16.185,17.913,3.341,3.9547,5.6849,7.4144,9.1436,10.872,12.6,14.328,16.056,17.785,-0.41544,-0.4176,-0.43095,-0.4526,-0.48256,-0.52083,-0.56742,-0.62228,-0.6855,-0.75702,0.1934,0.19184,0.17879,0.15714,0.12691,0.088148,0.040852,-0.014865,-0.079071,-0.15166,0,0,0,0,0,0,0,0,0,0,0,0
5.08,-0.001311,-0.033502,19.449,-0.28799,0,-0.0068307,428.64,-22.04,0.971,1.566,1463,1967.8,0.789,0.306,1.3443e+05,99371,3.3418,3.5288,5.2588,6.9883,8.7172,10.446,12.174,13.901,15.63,17.358,3.3408,3.3988,5.129,6.8585,8.5876,10.316,12.045,13.772,15.501,17.229,-0.41457,-0.4149,-0.42629,-0.44598,-0.47398,-0.51029,-0.55492,-0.60782,-0.66908,-0.73864,0.19448,0.1944,0.1833,0.16362,0.13534,0.098542,0.053206,-0.00055176,-0.062799,-0.13343,0,0,0,0,0,0,0,0,0,0,0,0
5.12,-0.0014219,-0.035585,19.45,-0.28938,0,-0.0063415,429.39,-22.262,0.971,1.566,1463,1967.8,0.789,0.306,1.3342e+05,95609,3.342,4.1482,5.8778,7.6069,9.3355,11.064,12.792,14.52,16.249,17.977,3.3409,4.017,5.7467,7.4761,9.2047,10.933,12.661,14.39,16.119,17.847,-0.41436,-0.41762,-0.4329,-0.45651,-0.48841,-0.52864,-0.57714,-0.634,-0.69917,-0.77262,0.19426,0.19165,0.17636,0.15249,0.12009,0.079151,0.029792,-0.028056,-0.094291,-0.16877,0,0,0,0,0,0,0,0,0,0,0,0
5.16,-0.0015752,-0.039611,19.449,-0.29085,0,-0.011561,430.13,-22.486,0.971,1.566,1463,1967.8,0.789,0.306,1.3751e+05,97771,3.3417,3.5927,5.3223,7.0514,8.78,10.508,12.236,13.965,15.693,17.422,3.3407,3.4609,5.1905,6.9199,8.6485,10.377,12.105,13.834,15.562,17.291,-0.41342,-0.41409,-0.42699,-0.44821,-0.47774,-0.51559,-0.56171,-0.61619,-0.67897,-0.75004,0.1953,0.195,0.18209,0.1606,0.13058,0.092025,0.045048,-0.010419,-0.074274,-0.14638,0,0,0,0,0,0,0,0,0,0,0,0
5.2,-0.0018607,-0.049155,19.449,-0.29265,0,-0.011561,430.88,-22.711,0.971,1.566,1463,1967.8,0.789,0.306,1.3585e+05,98034,3.3414,4.7668,6.496,8.2246,9.9531,11.681,13.41,15.138,16.867,18.595,3.3402,4.6342,6.3636,8.0923,9.8211,11.549,13.278,15.007,16.735,18.464,-0.41264,-0.42106,-0.43959,-0.46643,-0.50159,-0.54503,-0.59682,-0.65692,-0.7253,-0.80197,0.19547,0.18782,0.16902,0.14168,0.10582,0.061525,0.0087442,-0.052424,-0.12184,-0.19938,0,0,0,0,0,0,0,0,0,0,0,0
5.24,-0.00076686,-0.033703,19.448,-0.29429,0,0.0010748,431.62,-22.937,0.971,1.566,1463,1967.8,0.789,0.306,1.363e+05,94445,3.3411,4.2112,5.9405,7.6692,9.3978,11.126,12.854,14.583,16.312,18.041,3.3397,4.0777,5.8072,7.5359,9.2648,10.993,12.722,14.451,16.18,17.908,-0.41161,-0.41519,-0.43062,-0.45436,-0.48642,-0.52675,-0.57544,-0.63244,-0.69772,-0.77129,0.19649,0.19345,0.17775,0.15352,0.12075,0.079562,0.029884,-0.028182,-0.094495,-0.16894,0,0,0,0,0,0,0,0,0,0,0,0
5.28,-0.00058606,-0.022974,19.448,-0.2954,0,0.00032232,432.36,-23.163,0.971,1.566,1463,1967.8,0.789,0.306,1.3647e+05,99577,3.3412,4.8305,6.5595,8.2884,10.017,11.746,13.475,15.204,16.933,18.662,3.3403,4.6964,6.4254,8.1546,9.883,11.612,13.342,15.071,16.8,18.529,-0.41229,-0.42192,-0.44142,-0.46924,-0.50533,-0.54979,-0.60255,-0.66359,-0.73292,-0.81059,0.19511,0.18612,0.16613,0.1376,0.10065,0.055212,0.0013825,-0.060695,-0.1309,-0.20915,0,0,0,0,0,0,0,0,0,0,0,0
5.32,-0.0012912,-0.025037,19.447,-0.29625,0,-0.0097543,433.11,-23.391,0.971,1.566,1463,1967.8,0.789,0.306,1.3588e+05,98521,3.3413,4.2756,6.0048,7.7339,9.4624,11.192,12.921,14.65,16.38,18.109,3.3408,4.1413,5.8706,7.6,9.3286,11.058,12.788,14.517,16.246,17.975,-0.41456,-0.41987,-0.43802,-0.46449,-0.49923,-0.54234,-0.59375,-0.65344,-0.72142,-0.79774,0.19275,0.18807,0.16943,0.14225,0.10665,0.06256,0.010079,-0.05065,-0.11951,-0.19641,0,0,0,0,0,0,0,0,0,0,0,0
5.36,-0.001928,-0.036494,19.447,-0.29748,0,-0.012012,433.85,-23.619,0.971,1.566,1463,1967.8,0.789,0.306,1.3576e+05,97822,3.3413,3.7204,5.4497,7.179,8.9076,10.637,12.367,14.096,15.826,17.555,3.3407,3.5856,5.315,7.0445,8.7733,10.503,12.233,13.962,15.691,17.421,-0.41501,-0.41677,-0.43311,-0.45778,-0.49072,-0.53202,-0.58162,-0.63951,-0.70569,-0.7802,0.19221,0.19103,0.17419,0.14882,0.11503,0.07274,0.022064,-0.036861,-0.10391,-0.17901,0,0,0,0,0,0,0,0,0,0,0,0
5.4,-0.0021474,-0.048481,19.446,-0.2992,0,-0.012012,434.59,-23.849,0.971,1.566,1463,1967.8,0.789,0.306,1.3841e+05,98246,3.341,4.8944,6.6238,8.3526,10.082,11.812,13.542,15.271,17.001,18.731,3.3402,4.7588,6.4885,8.2174,9.9471,11.677,13.407,15.136,16.866,18.596,-0.41457,-0.42706,-0.44928,-0.47977,-0.51863,-0.56579,-0.62124,-0.68497,-0.75704,-0.83739,0.19187,0.18006,0.15713,0.12578,0.085936,0.037704,-0.018778,-0.083387,-0.15605,-0.23658,0,0,0,0,0,0,0,0,0,0,0,0
5.44,-0.0016797,-0.050181,19.446,-0.30118,0,-0.0081778,435.33,-24.081,0.971,1.566,1463,1967.8,0.789,0.306,1.3672e+05,97850,3.3405,4.339,6.0685,7.7974,9.5272,11.257,12.987,14.717,16.447,18.177,3.3394,4.2023,5.9321,7.6611,9.391,11.121,12.851,14.581,16.311,18.04,-0.41435,-0.4206,-0.43975,-0.46716,-0.50294,-0.54702,-0.59939,-0.66005,-0.72904,-0.80631,0.19192,0.18628,0.16643,0.13815,0.10138,0.056231,0.0028279,-0.058704,-0.12828,-0.20574,0,0,0,0,0,0,0,0,0,0,0,0
5.48,-0.0007866,-0.039357,19.446,-0.30302,0,-0.00010971,436.08,-24.313,0.971,1.566,1463,1967.8,0.789,0.306,1.3494e+05,97169,3.3406,4.9583,6.6876,8.4178,10.148,11.879,13.609,15.339,17.07,18.801,3.3394,4.82,6.5495,8.2798,10.01,11.741,13.471,15.201,16.932,18.663,-0.41262,-0.42462,-0.44574,-0.47521,-0.51299,-0.55906,-0.61341,-0.67609,-0.74706,-0.82634,0.19264,0.18105,0.15908,0.12862,0.089766,0.042667,-0.012561,-0.075837,-0.14699,-0.22594,0,0,0,0,0,0,0,0,0,0,0,0
5.52,-0.00041075,-0.027213,19.445,-0.30435,0,0.00047032,436.82,-24.546,0.971,1.566,1463,1967.8,0.789,0.306,1.3545e+05,99440,3.3409,4.4034,6.1328,7.8633,9.5939,11.324,13.055,14.786,16.517,18.248,3.34,4.2646,5.9943,7.7248,9.4555,11.186,12.917,14.647,16.378,18.109,-0.41448,-0.42095,-0.43976,-0.46693,-0.5024,-0.54617,-0.59822,-0.6586,-0.72726,-0.80424,0.19055,0.18454,0.16487,0.13672,0.10017,0.055374,0.0024485,-0.058526,-0.12738,-0.20403,0,0,0,0,0,0,0,0,0,0,0,0
5.56,-0.00075611,-0.022758,19.445,-0.30525,0,-0.010834,437.56,-24.78,0.971,1.566,1463,1967.8,0.789,0.306,1.3457e+05,99072,3.3413,3.8484,5.5781,7.3086,9.0394,10.77,12.501,14.232,15.963,17.694,3.3407,3.7094,5.4392,7.1699,8.9008,10.632,12.362,14.093,15.824,17.555,-0.4164,-0.419,-0.43614,-0.46164,-0.49545,-0.53754,-0.58793,-0.64664,-0.71364,-0.78896,0.18839,0.18635,0.16836,0.14187,0.10699,0.063861,0.012603,-0.046705,-0.11389,-0.18887,0,0,0,0,0,0,0,0,0,0,0,0
5.6,-0.0016445,-0.035635,19.445,-0.30644,0,-0.010834,438.3,-25.015,0.971,1.566,1463,1967.8,0.789,0.306,1.3806e+05,95823,3.3414,5.0231,6.7536,8.4844,10.215,11.946,13.677,15.408,17.139,18.87,3.3409,4.8839,6.6145,8.3454,10.076,11.807,13.538,15.268,17,18.731,-0.41768,-0.43285,-0.45681,-0.48908,-0.52963,-0.57847,-0.63565,-0.70111,-0.77488,-0.85689,0.1862,0.17152,0.14658,0.11324,0.07165,0.021932,-0.035835,-0.10148,-0.17493,-0.25596,0,0,0,0,0,0,0,0,0,0,0,0
5.64,-0.0020471,-0.051024,19.444,-0.3082,0,-0.01379,439.04,-25.251,0.971,1.566,1463,1967.8,0.789,0.306,1.3681e+05,96888,3.341,4.4678,6.1983,7.929,9.6597,11.39,13.121,14.852,16.584,18.315,3.3403,4.3278,6.0584,7.7893,9.5201,11.251,12.982,14.712,16.444,18.175,-0.41928,-0.42799,-0.44972,-0.47976,-0.51808,-0.5647,-0.61964,-0.68287,-0.75441,-0.83419,0.18432,0.1762,0.15348,0.12238,0.083019,0.035531,-0.020006,-0.083419,-0.15464,-0.23344,0,0,0,0,0,0,0,0,0,0,0,0
5.68,-0.0015966,-0.05591,19.443,-0.31038,0,-0.0095782,439.78,-25.489,0.971,1.566,1463,1967.8,0.789,0.306,1.3407e+05,96293,3.3408,3.3571,5.0879,6.819,8.5502,10.281,12.013,13.744,15.476,17.208,3.3396,4.9457,6.677,8.4082,10.139,11.871,13.602,15.334,17.065,18.796,-0.41711,-0.41718,-0.43229,-0.45571,-0.48742,-0.52742,-0.57575,-0.63236,-0.69728,-0.77044,0.18532,0.17037,0.14588,0.11314,0.07227,0.02335,-0.033447,-0.098044,-0.17023,-0.24984,0,0,0,0,0,0,0,0,0,0,0,0
5.72,-0.0012019,-0.057752,19.443,-0.31265,0,-0.010225,440.52,-25.728,0.971,1.566,1463,1967.8,0.789,0.306,1.352e+05,99159,3.3412,4.5327,6.2641,7.9955,9.7268,11.459,13.19,14.923,16.655,18.386,3.3398,4.3893,6.1208,7.8523,9.5836,11.315,13.047,14.779,16.511,18.242,-0.41712,-0.42497,-0.44468,-0.47268,-0.50897,-0.55358,-0.60648,-0.6677,-0.73715,-0.81478,0.18491,0.17739,0.15661,0.12758,0.090419,0.045209,-0.0078779,-0.068764,-0.13724,-0.21314,0,0,0,0,0,0,0,0,0,0,0,0
5.76,-0.00093632,-0.058626,19.443,-0.31498,0,-0.010901,441.26,-25.969,0.971,1.566,1463,1967.8,0.789,0.306,1.327e+05,99848,3.3416,3.9773,5.7089,7.4405,9.1721,10.904,12.636,14.369,16.101,17.833,3.34,3.8327,5.5645,7.2962,9.0277,10.76,12.492,14.224,15.956,17.687,-0.41614,-0.41893,-0.43484,-0.45903,-0.49151,-0.53232,-0.58142,-0.63882,-0.70447,-0.77829,0.18556,0.18311,0.16614,0.14091,0.10756,0.066154,0.016873,-0.040207,-0.10488,-0.17697,0,0,0,0,0,0,0,0,0,0,0,0
5.8,-0.00072479,-0.059799,19.444,-0.31735,0,-0.010901,442,-26.212,0.971,1.566,1463,1967.8,0.789,0.306,1.3246e+05,95517,3.342,3.4217,5.1533,6.885,8.6167,10.349,12.081,13.814,15.546,17.278,3.3403,5.0078,6.7395,8.4711,10.203,11.935,13.668,15.4,17.131,18.863,-0.41401,-0.41418,-0.42622,-0.44654,-0.47516,-0.5121,-0.55733,-0.61087,-0.67264,-0.7426,0.18705,0.17443,0.15308,0.12359,0.086052,0.040638,-0.012574,-0.073381,-0.1416,-0.21723,0,0,0,0,0,0,0,0,0,0,0,0
5.84,0.00019934,-0.044538,19.444,-0.31942,0,-0.0017019,442.74,-26.455,0.971,1.566,1463,1967.8,0.789,0.306,1.3329e+05,96848,3.3423,4.5976,6.3291,8.0606,9.7927,11.525,13.257,14.99,16.721,18.452,3.3403,4.4508,6.1824,7.9139,9.6459,11.378,13.11,14.843,16.574,18.305,-0.41298,-0.41886,-0.43526,-0.45995,-0.49296,-0.53426,-0.58387,-0.64172,-0.70776,-0.78202,0.18735,0.18146,0.16403,0.13847,0.10486,0.063374,0.014089,-0.04279,-0.10709,-0.17879,0,0,0,0,0,0,0,0,0,0,0,0
5.88,0.0003711,-0.032288,19.445,-0.32094,0,-0.0013337,443.48,-26.7,0.971,1.566,1463,1967.8,0.789,0.306,1.3373e+05,95055,3.3427,3.4867,5.2177,6.9488,8.6805,10.412,12.144,13.877,15.608,17.338,3.3411,5.0697,6.8008,8.5324,10.264,11.996,13.728,15.459,17.19,18.921,-0.412,-0.41218,-0.42264,-0.4414,-0.46848,-0.50384,-0.54752,-0.59944,-0.65954,-0.72787,0.18763,0.17615,0.15652,0.12885,0.093294,0.049942,-0.0010064,-0.059371,-0.12514,-0.1985,0,0,0,0,0,0,0,0,0,0,0,0
5.92,-5.9791e-05,-0.028463,19.445,-0.3221,0,-0.0062051,444.21,-26.945,0.971,1.566,1463,1967.8,0.789,0.306,1.3421e+05,94052,3.3429,4.6624,6.3932,8.1247,9.8561,11.588,13.32,15.051,16.782,18.512,3.3415,4.514,6.2448,7.9762,9.7074,11.439,13.171,14.902,16.633,18.364,-0.4133,-0.41975,-0.4365,-0.46158,-0.49495,-0.53663,-0.58655,-0.64465,-0.71098,-0.78557,0.1853,0.17887,0.16124,0.13557,0.10202,0.060663,0.011715,-0.04465,-0.10842,-0.17978,0,0,0,0,0,0,0,0,0,0,0,0
5.96,-0.0005981,-0.031224,19.445,-0.32327,0,-0.0085394,444.95,-27.192,0.971,1.566,1463,1967.8,0.789,0.306,1.3363e+05,95900,3.3429,4.1071,5.8378,7.5692,9.3005,11.033,12.764,14.495,16.226,17.956,3.3417,3.9583,5.689,7.4202,9.1513,10.883,12.615,14.345,16.076,17.807,-0.41427,-0.41717,-0.43203,-0.45522,-0.4867,-0.52648,-0.57451,-0.63072,-0.69516,-0.76785,0.18399,0.18129,0.16555,0.14177,0.11011,0.07065,0.023593,-0.030879,-0.092756,-0.16222,0,0,0,0,0,0,0,0,0,0,0,0
6,-0.0010169,-0.036743,19.445,-0.32461,-0.0085394,-0.0085394,445.67,-27.434,0.971,1.566,1463,1967.8,0.789,0.306,1.3393e+05,96663,3.343,3.5518,5.2825,7.0138,8.7452,10.477,12.209,13.94,15.67,17.401,3.3417,3.4024,5.1331,6.8643,8.5954,10.327,12.059,13.79,15.52,17.251,-0.41406,-0.41461,-0.42743,-0.44858,-0.47802,-0.51577,-0.56177,-0.61594,-0.67834,-0.749,0.18387,0.18368,0.16998,0.14823,0.11861,0.081185,0.036164,-0.016273,-0.076115,-0.14355,0,0,0,0,0,0,0,0,0,0,0,0
